Путь категории;Название;Варианты;Доступность;Ссылка
Масло индустриальное > Редукторное масло > LIKSIR ARKUDA BIO;LIKSIR ARKUDA BIO 460 биоразлагаемое редукторное масло;20л: Под заказ | 205л: Под заказ;Много (Под заказ);https://liksir.ru/catalog/liksir-arkuda-bio-460/?oid=6420
Масло индустриальное > Редукторное масло > LIKSIR ARKUDA BIO;LIKSIR ARKUDA BIO 320 биоразлагаемое редукторное масло;20л: Под заказ | 205л: Под заказ;Много (Под заказ);https://liksir.ru/catalog/liksir-arkuda-bio-320/?oid=6417
Масло индустриальное > Редукторное масло > LIKSIR ARKUDA BIO;LIKSIR ARKUDA BIO 220 биоразлагаемое редукторное масло;20л: Под заказ | 205л: Под заказ;Много (Под заказ);https://liksir.ru/catalog/liksir-arkuda-bio-220/?oid=6414
Масло индустриальное > Редукторное масло > LIKSIR ARKUDA BIO;LIKSIR ARKUDA BIO 150 биоразлагаемое редукторное масло;20л: Под заказ | 205л: Под заказ;Много (Под заказ);https://liksir.ru/catalog/liksir-arkuda-bio-150/?oid=6411
Масло индустриальное > Редукторное масло > LIKSIR ARKUDA BIO;LIKSIR ARKUDA BIO 100 биоразлагаемое редукторное масло;20л: Под заказ | 205л: Под заказ;Много (Под заказ);https://liksir.ru/catalog/liksir-arkuda-bio-100/?oid=6408
Масло индустриальное > Редукторное масло > LIKSIR ARKUDA BIO;LIKSIR ARKUDA BIO 68 биоразлагаемое редукторное масло;20л: Под заказ | 205л: Под заказ;Много (Под заказ);https://liksir.ru/catalog/liksir-arkuda-bio-68/?oid=6404
Масло индустриальное > Редукторное масло > PAG (Полиалкиленгликолевые);Редукторное PAG масло LIKSIR ARKUDA PG 22 – полиалкиленгликолевое масло 22 вязкости;20л: Под заказ | 205л: Под заказ;Много (Под заказ);https://liksir.ru/catalog/liksir-arkuda-pg-22/?oid=6669
Масло индустриальное > Редукторное масло > PAG (Полиалкиленгликолевые);Редукторное PAG масло LIKSIR ARKUDA PG 32 – полиалкиленгликолевое масло 32 вязкости;20л: Под заказ | 205л: Под заказ;Много (Под заказ);https://liksir.ru/catalog/liksir-arkuda-pg-32/?oid=6666
Масло индустриальное > Редукторное масло > PAG (Полиалкиленгликолевые);Редукторное PAG масло LIKSIR ARKUDA PG 46 – полиалкиленгликолевое масло 46 вязкости;20л: Под заказ | 205л: Под заказ;Много (Под заказ);https://liksir.ru/catalog/liksir-arkuda-pg-46/?oid=6663
Масло индустриальное > Редукторное масло > PAG (Полиалкиленгликолевые);Редукторное PAG масло LIKSIR ARKUDA PG 68 – полиалкиленгликолевое масло 68 вязкости;20л: 31 020 ₽ | 205л: 266 200 ₽;Достаточно (В наличии);https://liksir.ru/catalog/liksir-arkuda-pg-68/?oid=2070
Масло индустриальное > Редукторное масло > PAG (Полиалкиленгликолевые);Редукторное PAG масло LIKSIR ARKUDA PG 100 – полиалкиленгликолевое масло 100 вязкости;20л: 31 900 ₽ | 205л: 276 650 ₽;Достаточно (В наличии);https://liksir.ru/catalog/liksir-arkuda-pg-100/?oid=1863
Масло индустриальное > Редукторное масло > PAG (Полиалкиленгликолевые);Редукторное PAG масло LIKSIR ARKUDA PG 150 – полиалкиленгликолевое масло 150 вязкости для редукторов;20л: 33 440 ₽ | 205л: 289 685 ₽;Достаточно (В наличии);https://liksir.ru/catalog/liksir-arkuda-pg-150/?oid=1860
Масло индустриальное > Редукторное масло > PAG (Полиалкиленгликолевые);Редукторное PAG масло LIKSIR ARKUDA PG 220 – полиалкиленгликолевое масло 220 вязкости для редукторов;20л: 34 760 ₽ | 205л: 297 000 ₽;Достаточно (В наличии);https://liksir.ru/catalog/liksir-arkuda-pg-220/?oid=1857
Масло индустриальное > Редукторное масло > PAG (Полиалкиленгликолевые);Редукторное PAG масло LIKSIR ARKUDA PG 320 – полиалкиленгликолевое масло 320 вязкости для редукторов;20л: 37 070 ₽ | 205л: 319 099 ₽;Достаточно (В наличии);https://liksir.ru/catalog/liksir-arkuda-pg-320/?oid=1854
Масло индустриальное > Редукторное масло > PAG (Полиалкиленгликолевые);Редукторное PAG масло LIKSIR ARKUDA PG 460 – полиалкиленгликолевое масло 460 вязкости для редукторов;20л: 37 730 ₽ | 205л: 328 350 ₽;Достаточно (В наличии);https://liksir.ru/catalog/liksir-arkuda-pg-460/?oid=1851
Масло индустриальное > Редукторное масло > PAG (Полиалкиленгликолевые);Редукторное PAG масло LIKSIR ARKUDA PG 680 – полиалкиленгликолевое масло 680 вязкости для редукторов;20л: 39 600 ₽ | 205л: 341 000 ₽;Достаточно (В наличии);https://liksir.ru/catalog/liksir-arkuda-pg-680/?oid=1848
Масло индустриальное > Редукторное масло > PAG (Полиалкиленгликолевые);Редукторное PAG масло LIKSIR ARKUDA PG 1000 – полиалкиленгликолевое масло 1000 вязкости для редукторов;20л: 41 910 ₽ | 205л: 372 790 ₽;Достаточно (В наличии);https://liksir.ru/catalog/liksir-arkuda-pg-1000/?oid=1844
Масло индустриальное > Редукторное масло > PAG (Полиалкиленгликолевые);Редуктоное PAG масло LIKSIR ARKUDA GLG 11 – полиалкиленгликолевое масло 85 вязкости;20л: 35 970 ₽ | 205л: 308 550 ₽;Достаточно (В наличии);https://liksir.ru/catalog/liksir-arkuda-glg-11/?oid=2039
Масло индустриальное > Редукторное масло > PAG (Полиалкиленгликолевые);Редукторное PAG масло LIKSIR ARKUDA GLG 22;20л: 37 400 ₽ | 205л: 322 300 ₽;Достаточно (В наличии);https://liksir.ru/catalog/liksir-arkuda-glg-22/?oid=2041
Масло индустриальное > Редукторное масло > PAG (Полиалкиленгликолевые);Редукторное масло LIKSIR ARKUDA GLG 30;20л: 39 105 ₽ | 205л: 328 240 ₽;Достаточно (В наличии);https://liksir.ru/catalog/liksir-arkuda-glg-30/?oid=2043
Масло индустриальное > Редукторное масло > PAO (Полиальфаолефиновое);Синтетическое редукторное масло LIKSIR ARKUDA CLP 32 – полиальфаолефиновое масло 32 вязкости;20л: 26 928 ₽ | 205л: 246 290 ₽;Достаточно (В наличии);https://liksir.ru/catalog/liksir-arkuda-clp-32/?oid=1896
Масло индустриальное > Редукторное масло > PAO (Полиальфаолефиновое);Синтетическое редукторное масло LIKSIR ARKUDA CLP 46 – полиальфаолефиновое масло 46 вязкости;20л: 27 654 ₽ | 205л: 253 550 ₽;Достаточно (В наличии);https://liksir.ru/catalog/liksir-arkuda-clp-46/?oid=1893
Масло индустриальное > Редукторное масло > PAO (Полиальфаолефиновое);Редукторное масло LIKSIR ARKUDA EP 68 – синтетическое PAO масло для закрытых редукторов;20л: Под заказ | 205л: Под заказ;Много (Под заказ);https://liksir.ru/catalog/liksir-arkuda-ep-46/?oid=6997
Масло индустриальное > Редукторное масло > PAO (Полиальфаолефиновое);Редукторное масло LIKSIR ARKUDA EP 68 – синтетическое PAO масло для закрытых редукторов;20л: Под заказ | 205л: Под заказ;Много (Под заказ);https://liksir.ru/catalog/liksir-arkuda-ep-32/?oid=6994
Масло индустриальное > Редукторное масло > PAO (Полиальфаолефиновое);Редукторное масло LIKSIR ARKUDA EP 68 – синтетическое PAO масло для закрытых редукторов;20л: 34 782 ₽ | 205л: 263 890 ₽;Достаточно (В наличии);https://liksir.ru/catalog/liksir-arkuda-ep-68/?oid=2412
Масло индустриальное > Редукторное масло > PAO (Полиальфаолефиновое);Синтетическое редукторное масло LIKSIR ARKUDA CLP 68 – полиальфаолефиновое масло 68 вязкости;20л: 28 666 ₽ | 205л: 258 720 ₽;Достаточно (В наличии);https://liksir.ru/catalog/liksir-arkuda-clp-68/?oid=1890
Масло индустриальное > Редукторное масло > PAO (Полиальфаолефиновое);Редукторное PAO масло LIKSIR ARKUDA EP 100 – синтетическое масло 100 вязкости с EP-присадками;20л: 30 173 ₽ | 205л: 266 354 ₽;Достаточно (В наличии);https://liksir.ru/catalog/liksir-arkuda-ep-100/?oid=2415
Масло индустриальное > Редукторное масло > PAO (Полиальфаолефиновое);Синтетическое редукторное масло LIKSIR ARKUDA CLP 100 – полиальфаолефиновое масло 100 вязкости;20л: 29 590 ₽ | 205л: 261 140 ₽;Достаточно (В наличии);https://liksir.ru/catalog/liksir-arkuda-clp-100/?oid=1887
Масло индустриальное > Редукторное масло > PAO (Полиальфаолефиновое);Редукторное PAO масло LIKSIR ARKUDA EP 150 – синтетическое масло 150 вязкости с EP-присадками;20л: 31 185 ₽ | 205л: 269 665 ₽;Достаточно (В наличии);https://liksir.ru/catalog/liksir-arkuda-ep-150/?oid=2418
Масло индустриальное > Редукторное масло > PAO (Полиальфаолефиновое);Синтетическое редукторное масло LIKSIR ARKUDA CLP 150 – полиальфаолефиновое масло 150 вязкости;20л: 30 580 ₽ | 205л: 264 385 ₽;Достаточно (В наличии);https://liksir.ru/catalog/liksir-arkuda-clp-150/?oid=1884
Масло индустриальное > Редукторное масло > PAO (Полиальфаолефиновое);Редукторное PAO масло LIKSIR ARKUDA EP 220 – синтетическое масло 220 вязкости с EP-присадками;20л: 32 164 ₽ | 205л: 273 790 ₽;Достаточно (В наличии);https://liksir.ru/catalog/liksir-arkuda-ep-220/?oid=2421
Масло индустриальное > Редукторное масло > PAO (Полиальфаолефиновое);Синтетическое редукторное масло LIKSIR ARKUDA CLP 220 – полиальфаолефиновое масло 220 вязкости;1л: 1 883 ₽ | 20л: 39 000 ₽ | 205л: 268 433 ₽;Достаточно (В наличии);https://liksir.ru/catalog/liksir-arkuda-clp-220/?oid=2079
Масло индустриальное > Редукторное масло > PAO (Полиальфаолефиновое);Редукторное PAO масло LIKSIR ARKUDA EP 320 – синтетическое масло 320 вязкости с EP-присадками;20л: 33 440 ₽ | 205л: 288 420 ₽;Достаточно (В наличии);https://liksir.ru/catalog/liksir-arkuda-ep-320/?oid=2424
Масло индустриальное > Редукторное масло > PAO (Полиальфаолефиновое);Синтетическое редукторное масло LIKSIR ARKUDA CLP 320 – полиальфаолефиновое масло 320 вязкости;1л: 1 883 ₽ | 20л: 40 000 ₽ | 205л: 282 788 ₽;Достаточно (В наличии);https://liksir.ru/catalog/liksir-arkuda-clp-320/?oid=2077
Масло индустриальное > Редукторное масло > PAO (Полиальфаолефиновое);Редукторное PAO масло LIKSIR ARKUDA EP 460 – синтетическое масло 460 вязкости с EP-присадками;20л: 34 782 ₽ | 205л: 296 318 ₽;Достаточно (В наличии);https://liksir.ru/catalog/liksir-arkuda-ep-460/?oid=2427
Масло индустриальное > Редукторное масло > PAO (Полиальфаолефиновое);Синтетическое редукторное масло LIKSIR ARKUDA CLP 460 – полиальфаолефиновое масло 460 вязкости;1л: 1 893 ₽ | 20л: 34 100 ₽ | 205л: 290 510 ₽;Достаточно (В наличии);https://liksir.ru/catalog/liksir-arkuda-clp-460/?oid=2078
Масло индустриальное > Редукторное масло > PAO (Полиальфаолефиновое);Редукторное PAO масло LIKSIR ARKUDA EP 680 – синтетическое масло 680 вязкости с EP-присадками;20л: 36 289 ₽ | 205л: 303 820 ₽;Достаточно (В наличии);https://liksir.ru/catalog/liksir-arkuda-ep-680/?oid=2430
Масло индустриальное > Редукторное масло > PAO (Полиальфаолефиновое);Синтетическое редукторное масло LIKSIR ARKUDA CLP 680 – полиальфаолефиновое масло 680 вязкости;20л: 35 585 ₽ | 205л: 297 880 ₽;Достаточно (В наличии);https://liksir.ru/catalog/liksir-arkuda-clp-680/?oid=1872
Масло индустриальное > Редукторное масло > PAO (Полиальфаолефиновое);Редукторное PAO масло LIKSIR ARKUDA EP 1000 – синтетическое масло 1000 вязкости с EP-присадками;20л: 37 026 ₽ | 205л: 313 038 ₽;Достаточно (В наличии);https://liksir.ru/catalog/liksir-arkuda-ep-1000/?oid=2433
Масло индустриальное > Редукторное масло > PAO (Полиальфаолефиновое);Синтетическое редукторное масло LIKSIR ARKUDA CLP 1000 – полиальфаолефиновое масло 1000 вязкости;20л: 36 300 ₽ | 205л: 306 900 ₽;Достаточно (В наличии);https://liksir.ru/catalog/liksir-arkuda-clp-1000/?oid=1868
Масло индустриальное > Редукторное масло > PTFE (Тефлоновое);Высоко Вязкостное Редукторное масло с добавление тефлона LIKSIR ARKUDA PTFE 3 HV;20л: 48 400 ₽ | 205л: 463 980 ₽;Достаточно (В наличии);https://liksir.ru/catalog/liksir-arkuda-ptfe-hv/?oid=2189
Масло индустриальное > Редукторное масло > PTFE (Тефлоновое);LIKSIR ARKUDA PTFE 10 HV – редукторное PTFE масло 10000 вязкости для открытых передач;20л: 52 580 ₽ | 205л: 497 200 ₽;Достаточно (В наличии);https://liksir.ru/catalog/liksir-arcuda-ptfe-10-hv/?oid=2187
Масло индустриальное > Компрессорное масло > Для воздушных компрессоров > LIKSIR NEMIZA EST;Компрессорное масло LIKSIR NEMIZA EST 27;20л: Под заказ | 205л: Под заказ;Много (Под заказ);https://liksir.ru/catalog/liksir-nemiza-est-27/?oid=6564
Масло индустриальное > Компрессорное масло > Для воздушных компрессоров > LIKSIR NEMIZA EST;Компрессорное масло LIKSIR NEMIZA EST 32;20л: Под заказ | 205л: Под заказ;Много (Под заказ);https://liksir.ru/catalog/liksir-nemiza-est-32/?oid=6568
Масло индустриальное > Компрессорное масло > Для воздушных компрессоров > LIKSIR NEMIZA EST;Компрессорное масло LIKSIR NEMIZA EST 46;20л: Под заказ | 205л: Под заказ;Много (Под заказ);https://liksir.ru/catalog/liksir-nemiza-est-46/?oid=6571
Масло индустриальное > Компрессорное масло > Для воздушных компрессоров > LIKSIR NEMIZA EST;Компрессорное масло LIKSIR NEMIZA EST 68;20л: Под заказ | 205л: Под заказ;Много (Под заказ);https://liksir.ru/catalog/liksir-nemiza-est-68/?oid=6576
Масло индустриальное > Компрессорное масло > Для воздушных компрессоров > LIKSIR NEMIZA EST;Компрессорное масло LIKSIR NEMIZA EST 100;20л: Под заказ | 205л: Под заказ;Много (Под заказ);https://liksir.ru/catalog/liksir-nemiza-est-100/?oid=6579
Масло индустриальное > Компрессорное масло > Для воздушных компрессоров > LIKSIR NEMIZA EST;Компрессорное масло LIKSIR NEMIZA EST 150;20л: Под заказ | 205л: Под заказ;Много (Под заказ);https://liksir.ru/catalog/liksir-nemiza-est-150/?oid=6582
Масло индустриальное > Компрессорное масло > Для воздушных компрессоров > LIKSIR NEMIZA PAGSTER;Компрессорное масло LIKSIR NEMIZA PAGSTER 24;20л: Под заказ | 205л: Под заказ;Много (Под заказ);https://liksir.ru/catalog/liksir-nemiza-pagster-24/?oid=6854
Масло индустриальное > Компрессорное масло > Для воздушных компрессоров > LIKSIR NEMIZA PAGSTER;Компрессорное масло LIKSIR NEMIZA PAGSTER 32;20л: 50 050 ₽ | 205л: 439 857 ₽;Много (В наличии);https://liksir.ru/catalog/liksir-nemiza-pagster-32/?oid=5698
Масло индустриальное > Компрессорное масло > Для воздушных компрессоров > LIKSIR NEMIZA PAGSTER;Компрессорное масло LIKSIR NEMIZA PAGSTER 38;20л: 44 352 ₽ | 205л: 414 150 ₽;Достаточно (В наличии);https://liksir.ru/catalog/liksir-nemiza-pagster-38/?oid=2014
Масло индустриальное > Компрессорное масло > Для воздушных компрессоров > LIKSIR NEMIZA PAGSTER;Компрессорное масло LIKSIR NEMIZA PAGSTER 46;20л: 47 520 ₽ | 205л: 423 720 ₽;Достаточно (В наличии);https://liksir.ru/catalog/liksir-nemiza-pagster-46/?oid=2011
Масло индустриальное > Компрессорное масло > Для воздушных компрессоров > LIKSIR NEMIZA PAGSTER;Компрессорное масло LIKSIR NEMIZA PAGSTER 55;20л: 49 720 ₽ | 205л: 439 670 ₽;Достаточно (В наличии);https://liksir.ru/catalog/liksir-nemiza-pagster-55/?oid=2008
Масло индустриальное > Компрессорное масло > Для воздушных компрессоров > LIKSIR NEMIZA VDL;Масло для воздушного компрессора LIKSIR NEMIZA VDL 32;20л: 26 774 ₽ | 205л: 245 850 ₽;Достаточно (В наличии);https://liksir.ru/catalog/liksir-nemiza-vdl-32/?oid=1795
Масло индустриальное > Компрессорное масло > Для воздушных компрессоров > LIKSIR NEMIZA VDL;Масло для воздушного компрессора LIKSIR NEMIZA VDL 46;1л: 1 950 ₽ | 20л: 27 390 ₽ | 205л: 248 600 ₽;Много (В наличии);https://liksir.ru/catalog/liksir-nemiza-vdl-46/?oid=5924
Масло индустриальное > Компрессорное масло > Для воздушных компрессоров > LIKSIR NEMIZA VDL;Масло для воздушного компрессора LIKSIR NEMIZA VDL 55;20л: 27 995 ₽ | 205л: 254 100 ₽;Достаточно (В наличии);https://liksir.ru/catalog/liksir-nemiza-vdl-55/?oid=1789
Масло индустриальное > Компрессорное масло > Для воздушных компрессоров > LIKSIR NEMIZA VDL;Масло для воздушного компрессора LIKSIR NEMIZA VDL 68;1л: 2 200 ₽ | 20л: 28 380 ₽ | 205л: 258 610 ₽;Много (В наличии);https://liksir.ru/catalog/liksir-nemiza-vdl-68/?oid=5925
Масло индустриальное > Компрессорное масло > Для воздушных компрессоров > LIKSIR NEMIZA VDL;Масло для воздушного компрессора LIKSIR NEMIZA VDL 100;1л: 2 390 ₽ | 20л: 28 875 ₽ | 205л: 262 900 ₽;Много (В наличии);https://liksir.ru/catalog/liksir-nemiza-vdl-100/?oid=5926
Масло индустриальное > Компрессорное масло > Для воздушных компрессоров > LIKSIR NEMIZA VDL;Масло для воздушного компрессора LIKSIR NEMIZA VDL 150;20л: 29 810 ₽ | 205л: 269 830 ₽;Достаточно (В наличии);https://liksir.ru/catalog/liksir-nemiza-vdl-150/?oid=1780
Масло индустриальное > Компрессорное масло > Для воздушных компрессоров > LIKSIR NEMIZA VDL;Масло для воздушного компрессора LIKSIR NEMIZA VDL 220;20л: 31 680 ₽ | 205л: 275 770 ₽;Достаточно (В наличии);https://liksir.ru/catalog/liksir-nemiza-vdl-220/?oid=1777
Масло индустриальное > Компрессорное масло > Для воздушных компрессоров > LIKSIR NEMIZA VDL;Масло для воздушного компрессора LIKSIR NEMIZA VDL 460;20л: 33 880 ₽ | 205л: 283 855 ₽;Достаточно (В наличии);https://liksir.ru/catalog/liksir-nemiza-vdl-460/?oid=1773
Масло индустриальное > Компрессорное масло > Для газовых компрессоров > LIKSIR NEMIZA DE;Синтетическое компрессорное масло LIKSIR NEMIZA DE 32;20л: Под заказ | 205л: Под заказ;Много (Под заказ);https://liksir.ru/catalog/liksir-nemiza-de-32/?oid=6963
Масло индустриальное > Компрессорное масло > Для газовых компрессоров > LIKSIR NEMIZA DE;Синтетическое компрессорное масло LIKSIR NEMIZA DE 55;20л: Под заказ | 205л: Под заказ;Много (Под заказ);https://liksir.ru/catalog/liksir-nemiza-de-55/?oid=6960
Масло индустриальное > Компрессорное масло > Для газовых компрессоров > LIKSIR NEMIZA DE;Синтетическое компрессорное масло LIKSIR NEMIZA DE 46;20л: 38 390 ₽ | 205л: 340 890 ₽;Достаточно (В наличии);https://liksir.ru/catalog/liksir-nemiza-de-46/?oid=2005
Масло индустриальное > Компрессорное масло > Для газовых компрессоров > LIKSIR NEMIZA DE;Синтетическое компрессорное масло LIKSIR NEMIZA DE 68;20л: 41 690 ₽ | 205л: 383 790 ₽;Достаточно (В наличии);https://liksir.ru/catalog/liksir-nemiza-de-68/?oid=2002
Масло индустриальное > Компрессорное масло > Для газовых компрессоров > LIKSIR NEMIZA DE;Синтетическое компрессорное масло LIKSIR NEMIZA DE 100;20л: 42 900 ₽ | 205л: 392 700 ₽;Достаточно (В наличии);https://liksir.ru/catalog/liksir-nemiza-de-100/?oid=1999
Масло индустриальное > Компрессорное масло > Для газовых компрессоров > LIKSIR NEMIZA DE;Синтетическое компрессорное масло LIKSIR NEMIZA DE 150;20л: 44 990 ₽ | 205л: 407 550 ₽;Достаточно (В наличии);https://liksir.ru/catalog/liksir-nemiza-de-150/?oid=1995
Масло индустриальное > Компрессорное масло > Для газовых компрессоров > LIKSIR NEMIZA DE;Синтетическое компрессорное масло LIKSIR NEMIZA DE 220;20л: 47 190 ₽ | 205л: 435 490 ₽;Достаточно (В наличии);https://liksir.ru/catalog/liksir-nemiza-de-220/?oid=1992
Масло индустриальное > Компрессорное масло > Для газовых компрессоров > LIKSIR NEMIZA GAS;LIKSIR NEMIZA GAS 68;20л: 35 640 ₽ | 205л: 328 020 ₽;Достаточно (В наличии);https://liksir.ru/catalog/liksir-nemiza-gas-68/?oid=2029
Масло индустриальное > Компрессорное масло > Для газовых компрессоров > LIKSIR NEMIZA GAS;LIKSIR NEMIZA GAS 100;20л: 36 454 ₽ | 205л: 327 800 ₽;Достаточно (В наличии);https://liksir.ru/catalog/liksir-nemiza-gas-100/?oid=2026
Масло индустриальное > Компрессорное масло > Для газовых компрессоров > LIKSIR NEMIZA GAS;LIKSIR NEMIZA GAS 150;20л: 38 192 ₽ | 205л: 352 770 ₽;Достаточно (В наличии);https://liksir.ru/catalog/liksir-nemiza-gas-150/?oid=2023
Масло индустриальное > Компрессорное масло > Для газовых компрессоров > LIKSIR NEMIZA GAS;LIKSIR NEMIZA GAS 175;20л: 38 720 ₽ | 205л: 361 350 ₽;Достаточно (В наличии);https://liksir.ru/catalog/liksir-nemiza-gas-175/?oid=2020
Масло индустриальное > Компрессорное масло > Для газовых компрессоров > LIKSIR NEMIZA GAS;LIKSIR NEMIZA GAS 190;20л: 39 490 ₽ | 205л: 363 440 ₽;Достаточно (В наличии);https://liksir.ru/catalog/liksir-nemiza-gas-190/?oid=2016
Масло индустриальное > Компрессорное масло > Для газовых компрессоров > LIKSIR NEMIZA GAS INS;Компрессорное масло LIKSIR NEMIZA GAS INS 225;20л: Под заказ | 205л: Под заказ;Много (Под заказ);https://liksir.ru/catalog/liksir-nemiza-gas-ins-225/?oid=6562
Масло индустриальное > Компрессорное масло > Для газовых компрессоров > LIKSIR NEMIZA GAS INS;Компрессорное масло LIKSIR NEMIZA GAS INS 175;20л: Под заказ | 205л: Под заказ;Много (Под заказ);https://liksir.ru/catalog/liksir-nemiza-gas-ins-175/?oid=6559
Масло индустриальное > Компрессорное масло > Для газовых компрессоров > LIKSIR NEMIZA GAS INS;Компрессорное масло LIKSIR NEMIZA GAS INS 150;20л: Под заказ | 205л: Под заказ;Много (Под заказ);https://liksir.ru/catalog/liksir-nemiza-gas-ins-150/?oid=6556
Масло индустриальное > Компрессорное масло > Для газовых компрессоров > LIKSIR NEMIZA GAS INS;Компрессорное масло LIKSIR NEMIZA GAS INS 100;20л: Под заказ | 205л: Под заказ;Много (Под заказ);https://liksir.ru/catalog/liksir-nemiza-gas-ins-100/?oid=6553
Масло индустриальное > Компрессорное масло > Для газовых компрессоров > LIKSIR NEMIZA GAS INS;Компрессорное масло LIKSIR NEMIZA GAS INS 85;20л: Под заказ | 205л: Под заказ;Много (Под заказ);https://liksir.ru/catalog/liksir-nemiza-gas-ins-85/?oid=6550
Масло индустриальное > Компрессорное масло > Для газовых компрессоров > LIKSIR NEMIZA GAS INS;Компрессорное масло PAG LIKSIR NEMIZA GAS INS 68;20л: Под заказ | 205л: Под заказ;Много (Под заказ);https://liksir.ru/catalog/liksir-nemiza-gas-ins-68/?oid=6547
Масло индустриальное > Компрессорное масло > Для газовых компрессоров > LIKSIR NEMIZA LCG;LIKSIR NEMIZA LCG 220;20л: Под заказ | 205л: Под заказ;Много (Под заказ);https://liksir.ru/catalog/liksir-nemiza-lcg-220/?oid=5695
Масло индустриальное > Компрессорное масло > Для газовых компрессоров > LIKSIR NEMIZA LCG;LIKSIR NEMIZA LCG 150;20л: Под заказ | 205л: Под заказ;Много (Под заказ);https://liksir.ru/catalog/liksir-nemiza-lcg-150/?oid=5692
Масло индустриальное > Компрессорное масло > Для газовых компрессоров > LIKSIR NEMIZA LCG;LIKSIR NEMIZA LCG 68;20л: 38 720 ₽ | 205л: 345 950 ₽;Достаточно (В наличии);https://liksir.ru/catalog/liksir-nemiza-lcg-68/?oid=2035
Масло индустриальное > Компрессорное масло > Для газовых компрессоров > LIKSIR NEMIZA LCG;LIKSIR NEMIZA LCG 100;20л: 40 205 ₽ | 205л: 357 830 ₽;Достаточно (В наличии);https://liksir.ru/catalog/liksir-nemiza-lcg-100/?oid=2032
Масло индустриальное > Компрессорное масло > Для газовых компрессоров > LIKSIR NEMIZA T-GAS;LIKSIR NEMIZA T-GAS 32;20л: Под заказ | 205л: Под заказ;Много (Под заказ);https://liksir.ru/catalog/liksir-nemiza-t-gas-32/?oid=6609
Масло индустриальное > Компрессорное масло > Для газовых компрессоров > LIKSIR NEMIZA T-GAS;LIKSIR NEMIZA T-GAS 46;20л: Под заказ | 205л: Под заказ;Много (Под заказ);https://liksir.ru/catalog/liksir-nemiza-t-gas-46/?oid=6612
Масло индустриальное > Компрессорное масло > Для газовых компрессоров > LIKSIR NEMIZA T-GAS;LIKSIR NEMIZA T-GAS 68;20л: Под заказ | 205л: Под заказ;Много (Под заказ);https://liksir.ru/catalog/liksir-nemiza-t-gas-68/?oid=6615
Масло индустриальное > Компрессорное масло > Для газовых компрессоров > LIKSIR NEMIZA T-GAS;LIKSIR NEMIZA T-GAS 100;20л: Под заказ | 205л: Под заказ;Много (Под заказ);https://liksir.ru/catalog/liksir-nemiza-t-gas-100/?oid=6618
Масло индустриальное > Компрессорное масло > Для газовых компрессоров > LIKSIR NEMIZA T-GAS;LIKSIR NEMIZA T-GAS 150;20л: Под заказ | 205л: Под заказ;Много (Под заказ);https://liksir.ru/catalog/liksir-nemiza-t-gas-150/?oid=6620
Масло индустриальное > Вакуумное масло > Минеральное;Минеральное вакуумное масло LIKSIR VACUMA M 32;5л: 5 390 ₽ | 20л: 16 500 ₽ | 205л: 162 360 ₽;Много (В наличии);https://liksir.ru/catalog/liksir-vacuma-m-32/?oid=5948
Масло индустриальное > Вакуумное масло > Минеральное;Минеральное вакуумное масло LIKSIR VACUMA M 46;5л: 5 544 ₽ | 20л: 16 830 ₽ | 205л: 164 780 ₽;Много (В наличии);https://liksir.ru/catalog/liksir-vacuma-m-46/?oid=5953
Масло индустриальное > Вакуумное масло > Минеральное;Минеральное LIKSIR VACUMA M 68;5л: 5 720 ₽ | 20л: 17 105 ₽ | 205л: 168 300 ₽;Много (В наличии);https://liksir.ru/catalog/liksir-vacuma-m-68/?oid=5962
Масло индустриальное > Вакуумное масло > Минеральное;Минеральное вакуумное масло LIKSIR VACUMA M 100;5л: 5 852 ₽ | 20л: 17 578 ₽ | 205л: 172 348 ₽;Много (В наличии);https://liksir.ru/catalog/liksir-vacuma-m-100/?oid=5967
Масло индустриальное > Вакуумное масло > Минеральное;Минеральное вакуумное масло LIKSIR VACUMA M 150;5л: 6 138 ₽ | 20л: 18 040 ₽ | 205л: 174 130 ₽;Много (В наличии);https://liksir.ru/catalog/liksir-vacuma-m-150/?oid=5972
Масло индустриальное > Вакуумное масло > Синтетическое > LIKSIR VACUMA AN;Синтетическое вакуумное масло LIKSIR VACUMA AN 100;20л: Под заказ | 205л: Под заказ;Много (Под заказ);https://liksir.ru/catalog/liksir-vacuma-an-100/?oid=6597
Масло индустриальное > Вакуумное масло > Синтетическое > LIKSIR VACUMA AN;Синтетическое вакуумное масло LIKSIR VACUMA AN 32;20л: Под заказ | 205л: Под заказ;Много (Под заказ);https://liksir.ru/catalog/liksir-vacuma-an-32/?oid=6593
Масло индустриальное > Вакуумное масло > Синтетическое > LIKSIR VACUMA ASE;Синтетическое вакуумное масло LIKSIR VACUMA ASE 38;20л: Под заказ | 205л: Под заказ;Много (Под заказ);https://liksir.ru/catalog/liksir-vacuma-ase-38/?oid=6591
Масло индустриальное > Вакуумное масло > Синтетическое > LIKSIR VACUMA NF;Синтетическое вакуумное масло LIKSIR VACUMA NF 100;20л: Под заказ | 205л: Под заказ;Много (Под заказ);https://liksir.ru/catalog/liksir-vacuma-nf-100/?oid=6606
Масло индустриальное > Вакуумное масло > Синтетическое > LIKSIR VACUMA NF;Синтетическое вакуумное масло LIKSIR VACUMA NF 68;20л: Под заказ | 205л: Под заказ;Много (Под заказ);https://liksir.ru/catalog/liksir-vacuma-nf-68/?oid=6603
Масло индустриальное > Вакуумное масло > Синтетическое > LIKSIR VACUMA NF;Синтетическое вакуумное масло LIKSIR VACUMA NF 22;20л: Под заказ | 205л: Под заказ;Много (Под заказ);https://liksir.ru/catalog/liksir-vacuma-nf-22/?oid=6599
Масло индустриальное > Вакуумное масло > Синтетическое > LIKSIR VACUMA PFPE;Синтетическое вакуумное масло LIKSIR VACUMA PFPE 27 – химически инертное масло для вакуумных систем;1л: Под заказ | 5л: Под заказ;Много (Под заказ);https://liksir.ru/catalog/liksir-vacuma-pfpe-40/?oid=6982
Масло индустриальное > Вакуумное масло > Синтетическое > LIKSIR VACUMA PFPE;Синтетическое вакуумное масло LIKSIR VACUMA PFPE 6;1л: Под заказ | 5л: Под заказ;Много (Под заказ);https://liksir.ru/catalog/liksir-vacuma-pfpe-12/?oid=6979
Масло индустриальное > Вакуумное масло > Синтетическое > LIKSIR VACUMA PFPE;LIKSIR VACUMA PFPE 3 – синтетическое вакуумное масло PFPE;1л: 118 470 ₽ | 5л: 537 790 ₽;Много (В наличии);https://liksir.ru/catalog/liksir-vacuma-pfpe-3/?oid=5704
Масло индустриальное > Вакуумное масло > Синтетическое > LIKSIR VACUMA PFPE;Синтетическое вакуумное масло LIKSIR VACUMA PFPE 6;1л: 116 160 ₽ | 5л: 528 264 ₽;Мало (В наличии);https://liksir.ru/catalog/liksir-vacuma-pfpe-6/?oid=1719
Масло индустриальное > Вакуумное масло > Синтетическое > LIKSIR VACUMA PFPE;Синтетическое вакуумное масло LIKSIR VACUMA PFPE 27 – химически инертное масло для вакуумных систем;1л: 110 528 ₽ | 5л: 501 930 ₽;Достаточно (В наличии);https://liksir.ru/catalog/liksir-vacuma-pfpe-27/?oid=1713
Масло индустриальное > Вакуумное масло > Синтетическое > LIKSIR VACUMA PFPE;Синтетическое вакуумное масло LIKSIR VACUMA PFPE 27 – химически инертное масло для вакуумных систем;Не указана: Под заказ;Нет в наличии (Под заказ);https://liksir.ru/catalog/liksir-vacuma-pfpe-19/
Масло индустриальное > Вакуумное масло > Синтетическое > LIKSIR VACUMA PLV;Синтетическое вакуумное масло LIKSIR VACUMA PLV 405 F – для вакуумных насосов и компрессоров;1л: Под заказ | 20л: Под заказ;Достаточно (Под заказ);https://liksir.ru/catalog/liksir-vacuma-plv-405-f/?oid=5836
Масло индустриальное > Вакуумное масло > Синтетическое > LIKSIR VACUMA PLV;LIKSIR VACUMA PLV 407 F – синтетическое вакуумное масло на основе сложных эфиров;20л: 37 510 ₽ | 205л: 357 390 ₽;Достаточно (В наличии);https://liksir.ru/catalog/liksir-vacuma-plv-407-f/?oid=2408
Масло индустриальное > Вакуумное масло > Синтетическое > LIKSIR VACUMA S;LIKSIR VACUMA S 46 – синтетическое вакуумное масло PAO 46 для вакуумных насосов;1л: 1 925 ₽ | 20л: 29 425 ₽ | 205л: 263 670 ₽;Много (В наличии);https://liksir.ru/catalog/liksir-vacuma-s-46/?oid=6588
Масло индустриальное > Вакуумное масло > Синтетическое > LIKSIR VACUMA S;LIKSIR VACUMA S 32 – синтетическое вакуумное масло PAO 32 для вакуумных насосов;1л: 1 760 ₽ | 20л: 28 380 ₽ | 205л: 253 990 ₽;Достаточно (В наличии);https://liksir.ru/catalog/liksir-vacuma-s-32/?oid=1711
Масло индустриальное > Вакуумное масло > Синтетическое > LIKSIR VACUMA S;LIKSIR VACUMA S 68 – синтетическое вакуумное масло PAO ISO VG 68 для вакуумных насосов;1л: 2 090 ₽ | 20л: 30 525 ₽ | 205л: 273 240 ₽;Достаточно (В наличии);https://liksir.ru/catalog/liksir-vacuma-s-68/?oid=1707
Масло индустриальное > Вакуумное масло > Синтетическое > LIKSIR VACUMA S;LIKSIR VACUMA S 100 – синтетическое вакуумное масло PAO ISO VG 100 для вакуумных насосов;1л: 2 365 ₽ | 20л: 31 350 ₽ | 205л: 280 005 ₽;Достаточно (В наличии);https://liksir.ru/catalog/liksir-vacuma-s-100/?oid=1704
Масло индустриальное > Вакуумное масло > Синтетическое > LIKSIR VACUMA S;LIKSIR VACUMA S 220 – синтетическое вакуумное масло PAO ISO VG 220 для вакуумных насосов;20л: Под заказ | 205л: Под заказ;Достаточно (Под заказ);https://liksir.ru/catalog/liksir-vacuma-s-220/?oid=5832
Масло индустриальное > Вакуумное масло > Синтетическое > LIKSIR VACUMA S;Синтетическое вакуумное масло LIKSIR VACUMA S 150 – PAO ISO VG 150 для вакуумных насосов;1л: 2 640 ₽ | 20л: 32 010 ₽ | 205л: 288 970 ₽;Достаточно (В наличии);https://liksir.ru/catalog/liksir-vacuma-s-150/?oid=1699
Масло индустриальное > Вакуумное масло > Синтетическое > LIKSIR VACUMA T;LIKSIR VACUMA T 705 – вакуумная жидкость для диффузионных насосов;1л: Под заказ | 5л: Под заказ;Много (Под заказ);https://liksir.ru/catalog/liksir-vacuma-t-705/?oid=5824
Масло индустриальное > Вакуумное масло > Синтетическое > LIKSIR VACUMA T;LIKSIR VACUMA T 704 – вакуумная жидкость для диффузионных насосов и высоковакуумных систем;1л: 30 129 ₽ | 5л: 129 855 ₽;Много (В наличии);https://liksir.ru/catalog/liksir-vacuma-t-704/?oid=5707
Масло индустриальное > Вакуумное масло > Синтетическое > LIKSIR VACUMA VE;LIKSIR VACUMA VE 100 – синтетическое вакуумное масло на основе диэфиров;1л: 2 860 ₽ | 5л: 13 420 ₽ | 20л: 47 740 ₽;Достаточно (В наличии);https://liksir.ru/catalog/liksir-vacuma-ve-100/?oid=2073
Масло индустриальное > Холодильное масло > LIKSIR NEMIZA ARCTIC AB;Холодильное масло LIKSIR NEMIZA ARCTIC AB 32;20л: 21 780 ₽ | 205л: 206 954 ₽;Много (В наличии);https://liksir.ru/catalog/liksir-nemiza-arstis-ab-32/?oid=6513
Масло индустриальное > Холодильное масло > LIKSIR NEMIZA ARCTIC AB;Холодильное масло LIKSIR NEMIZA ARCTIC AB 46;20л: 23 210 ₽ | 205л: 214 830 ₽;Много (В наличии);https://liksir.ru/catalog/liksir-nemiza-arstis-ab-46/?oid=6515
Масло индустриальное > Холодильное масло > LIKSIR NEMIZA ARCTIC AB;Холодильное масло LIKSIR NEMIZA ARCTIC AB 68;20л: 25 190 ₽ | 205л: 217 525 ₽;Много (В наличии);https://liksir.ru/catalog/liksir-nemiza-arstis-ab-68/?oid=6518
Масло индустриальное > Холодильное масло > LIKSIR NEMIZA ARCTIC AB;Холодильное масло LIKSIR NEMIZA ARCTIC AB 100;20л: 25 872 ₽ | 205л: 218 350 ₽;Много (В наличии);https://liksir.ru/catalog/liksir-nemiza-arstis-ab-100/?oid=6521
Масло индустриальное > Холодильное масло > LIKSIR NEMIZA ARCTIC AB;Холодильное масло LIKSIR NEMIZA ARCTIC AB 220;20л: 28 248 ₽ | 205л: 231 770 ₽;Много (В наличии);https://liksir.ru/catalog/liksir-nemiza-arstis-ab-220/?oid=6524
Масло индустриальное > Холодильное масло > LIKSIR NEMIZA ARCTIC MN;Холодильное масло LIKSIR NEMIZA ARCTIC MN 15 (нафтеновое) для компрессоров;20л: Под заказ | 205л: Под заказ;Много (Под заказ);https://liksir.ru/catalog/liksir-nemiza-arctic-mn-15/?oid=6526
Масло индустриальное > Холодильное масло > LIKSIR NEMIZA ARCTIC MN;Холодильное масло LIKSIR NEMIZA ARCTIC MN 22 (нафтеновое) для компрессоров;20л: Под заказ | 205л: Под заказ;Много (Под заказ);https://liksir.ru/catalog/liksir-nemiza-arctic-mn-22/?oid=6531
Масло индустриальное > Холодильное масло > LIKSIR NEMIZA ARCTIC MN;Холодильное масло LIKSIR NEMIZA ARCTIC MN 32 (нафтеновое) для компрессоров;20л: Под заказ | 205л: Под заказ;Много (Под заказ);https://liksir.ru/catalog/liksir-nemiza-arctic-mn-32/?oid=6535
Масло индустриальное > Холодильное масло > LIKSIR NEMIZA ARCTIC MN;Холодильное масло LIKSIR NEMIZA ARCTIC MN 46 (нафтеновое) для компрессоров;20л: Под заказ | 205л: Под заказ;Много (Под заказ);https://liksir.ru/catalog/liksir-nemiza-arctic-mn-46/?oid=6538
Масло индустриальное > Холодильное масло > LIKSIR NEMIZA ARCTIC MN;Холодильное масло LIKSIR NEMIZA ARCTIC MN 68 (нафтеновое) для компрессоров;20л: Под заказ | 205л: Под заказ;Много (Под заказ);https://liksir.ru/catalog/liksir-nemiza-arctic-mn-68/?oid=6541
Масло индустриальное > Холодильное масло > LIKSIR NEMIZA ARCTIC MN;Холодильное масло LIKSIR NEMIZA ARCTIC MN 100 (нафтеновое) для компрессоров;20л: Под заказ | 205л: Под заказ;Много (Под заказ);https://liksir.ru/catalog/liksir-nemiza-arctic-mn-100/?oid=6544
Масло индустриальное > Холодильное масло > LIKSIR NEMIZA ARCTIC PAO;Синтетическое холодильное масло PAO 32 LIKSIR NEMIZA ARCTIC PAO 32;20л: 34 980 ₽ | 205л: 327 855 ₽;Достаточно (В наличии);https://liksir.ru/catalog/liksir-nemiza-arctic-pao-32/?oid=1741
Масло индустриальное > Холодильное масло > LIKSIR NEMIZA ARCTIC PAO;Холодильное масло LIKSIR NEMIZA ARCTIC PAO 46 для компрессоров;20л: 35 838 ₽ | 205л: 333 740 ₽;Достаточно (В наличии);https://liksir.ru/catalog/liksir-nemiza-arctic-pao-46/?oid=1738
Масло индустриальное > Холодильное масло > LIKSIR NEMIZA ARCTIC PAO;Холодильное масло LIKSIR NEMIZA ARCTIC PAO 55 для компрессоров;20л: 37 070 ₽ | 205л: 340 186 ₽;Достаточно (В наличии);https://liksir.ru/catalog/liksir-nemiza-arctic-pao-55/?oid=1735
Масло индустриальное > Холодильное масло > LIKSIR NEMIZA ARCTIC PAO;Холодильное масло LIKSIR NEMIZA ARCTIC PAO 68 для компрессоров;20л: 37 510 ₽ | 205л: 348 370 ₽;Достаточно (В наличии);https://liksir.ru/catalog/liksir-nemiza-arctic-pao-68/?oid=1732
Масло индустриальное > Холодильное масло > LIKSIR NEMIZA ARCTIC PAO;Холодильное масло LIKSIR NEMIZA ARCTIC PAO 100 для компрессоров;20л: 38 225 ₽ | 205л: 351 450 ₽;Достаточно (В наличии);https://liksir.ru/catalog/liksir-nemiza-arctic-pao-100/?oid=1729
Масло индустриальное > Холодильное масло > LIKSIR NEMIZA ARCTIC PAO;Холодильное масло LIKSIR NEMIZA ARCTIC PAO 150 для компрессоров;20л: 38 577 ₽ | 205л: 354 640 ₽;Достаточно (В наличии);https://liksir.ru/catalog/liksir-nemiza-arctic-pao-150/?oid=1726
Масло индустриальное > Холодильное масло > LIKSIR NEMIZA ARCTIC PAO;Холодильное масло LIKSIR NEMIZA ARCTIC PAO 220 для компрессоров;20л: 39 380 ₽ | 205л: 356 950 ₽;Достаточно (В наличии);https://liksir.ru/catalog/liksir-nemiza-arctic-pao-220/?oid=1723
Масло индустриальное > Холодильное масло > LIKSIR NEMIZA ARCTIC PAO;Холодильное масло LIKSIR NEMIZA ARCTIC PAO 400 для компрессоров;20л: 39 820 ₽ | 205л: 360 910 ₽;Достаточно (В наличии);https://liksir.ru/catalog/liksir-nemiza-arctic-pao-400/?oid=2333
Масло индустриальное > Холодильное масло > LIKSIR NEMIZA ARCTIC PAO AB;Масло LIKSIR NEMIZA ARCTIC PAO AB 68 для аммиачных компрессоров;1л: Под заказ | 5л: Под заказ;Достаточно (Под заказ);https://liksir.ru/catalog/liksir-nemiza-arctic-pao-ab-68/?oid=5886
Масло индустриальное > Холодильное масло > LIKSIR NEMIZA ARCTIC POE;Холодильное масло LIKSIR NEMIZA ARCTIC POE 22 для компрессоров;20л: 49 940 ₽ | 205л: 470 470 ₽;Достаточно (В наличии);https://liksir.ru/catalog/liksir-nemiza-arctic-poe-22/?oid=1771
Масло индустриальное > Холодильное масло > LIKSIR NEMIZA ARCTIC POE;Холодильное масло LIKSIR NEMIZA ARCTIC POE 32 для компрессоров;20л: 50 160 ₽ | 205л: 470 855 ₽;Достаточно (В наличии);https://liksir.ru/catalog/liksir-nemiza-arctic-poe-32/?oid=1768
Масло индустриальное > Холодильное масло > LIKSIR NEMIZA ARCTIC POE;Холодильное масло LIKSIR NEMIZA ARCTIC POE 46 для компрессоров;20л: 48 180 ₽ | 205л: 465 630 ₽;Достаточно (В наличии);https://liksir.ru/catalog/liksir-nemiza-arctic-poe-46/?oid=1765
Масло индустриальное > Холодильное масло > LIKSIR NEMIZA ARCTIC POE;Холодильное масло LIKSIR NEMIZA ARCTIC POE 55 для компрессоров;20л: 47 135 ₽ | 205л: 460 020 ₽;Достаточно (В наличии);https://liksir.ru/catalog/liksir-nemiza-arctic-poe-55/?oid=1762
Масло индустриальное > Холодильное масло > LIKSIR NEMIZA ARCTIC POE;Холодильное масло LIKSIR NEMIZA ARCTIC POE 68 для компрессоров;20л: 46 101 ₽ | 205л: 457 160 ₽;Достаточно (В наличии);https://liksir.ru/catalog/liksir-nemiza-arctic-poe-68/?oid=1759
Масло индустриальное > Холодильное масло > LIKSIR NEMIZA ARCTIC POE;Холодильное масло LIKSIR NEMIZA ARCTIC POE 85 для компрессоров;20л: 46 937 ₽ | 205л: 460 075 ₽;Достаточно (В наличии);https://liksir.ru/catalog/liksir-nemiza-arctic-poe-85/?oid=1756
Масло индустриальное > Холодильное масло > LIKSIR NEMIZA ARCTIC POE;Масло LIKSIR NEMIZA ARCTIC POE 100 для холодильных компрессоров;20л: 47 465 ₽ | 205л: 465 410 ₽;Достаточно (В наличии);https://liksir.ru/catalog/liksir-nemiza-arctic-poe-100/?oid=1753
Масло индустриальное > Холодильное масло > LIKSIR NEMIZA ARCTIC POE;Масло LIKSIR NEMIZA ARCTIC POE 120 для холодильных компрессоров;20л: Под заказ | 205л: Под заказ;Много (Под заказ);https://liksir.ru/catalog/liksir-nemiza-arctic-poe-120/?oid=6509
Масло индустриальное > Холодильное масло > LIKSIR NEMIZA ARCTIC POE;Масло LIKSIR NEMIZA ARCTIC POE 150 для холодильных компрессоров;20л: 48 290 ₽ | 205л: 466 400 ₽;Достаточно (В наличии);https://liksir.ru/catalog/liksir-nemiza-arctic-poe-150/?oid=1750
Масло индустриальное > Холодильное масло > LIKSIR NEMIZA ARCTIC POE;Масло LIKSIR NEMIZA ARCTIC POE 170 для холодильных компрессоров;20л: 48 664 ₽ | 205л: 469 744 ₽;Достаточно (В наличии);https://liksir.ru/catalog/liksir-nemiza-arctic-poe-170/?oid=1748
Масло индустриальное > Холодильное масло > LIKSIR NEMIZA ARCTIC POE;Холодильное масло LIKSIR NEMIZA ARCTIC POE 220 для компрессоров;20л: 49 170 ₽ | 205л: 473 990 ₽;Достаточно (В наличии);https://liksir.ru/catalog/liksir-nemiza-arctic-poe-220/?oid=1744
Масло индустриальное > Холодильное масло > LIKSIR NEMIZA ARCTIC POE;Холодильное масло LIKSIR NEMIZA ARCTIC POE 320 для компрессоров;20л: Под заказ | 205л: Под заказ;Много (Под заказ);https://liksir.ru/catalog/liksir-nemiza-arctic-poe-320/?oid=6507
Масло индустриальное > Холодильное масло > LIKSIR NEMIZA ARСTIС C;Холодильное масло LIKSIR NEMIZA ARCTIС C 170;20л: Под заказ | 205л: Под заказ;Много (Под заказ);https://liksir.ru/catalog/liksir-nemiza-arctis-c-170/?oid=7009
Масло индустриальное > Холодильное масло > LIKSIR NEMIZA ARСTIС C;Холодильное масло LIKSIR NEMIZA ARCTIС C 130;20л: Под заказ | 205л: Под заказ;Много (Под заказ);https://liksir.ru/catalog/liksir-nemiza-arctis-c-130/?oid=7006
Масло индустриальное > Холодильное масло > LIKSIR NEMIZA ARСTIС C;Холодильное масло LIKSIR NEMIZA ARCTIС C 85;20л: Под заказ | 205л: Под заказ;Много (Под заказ);https://liksir.ru/catalog/liksir-nemiza-arctis-c-85/?oid=7003
Масло индустриальное > Холодильное масло > LIKSIR NEMIZA ARСTIС C;Холодильное масло LIKSIR NEMIZA ARCTIС C 55;20л: Под заказ | 205л: Под заказ;Много (Под заказ);https://liksir.ru/catalog/liksir-nemiza-arctis-c-55/?oid=6999
Масло индустриальное > Холодильное масло > LIKSIR POLUS POE;LIKSIR POLUS POE 22 — полиолэфирное масло для холодильных компрессоров;1л: Под заказ | 5л: Под заказ | 20л: Под заказ | 205л: Под заказ;Много (Под заказ);https://liksir.ru/catalog/liksir-polus-poe-22/?oid=6422
Масло индустриальное > Холодильное масло > LIKSIR POLUS POE;LIKSIR POLUS POE 32 — полиолэфирное масло для холодильных компрессоров;1л: Под заказ | 5л: Под заказ | 20л: Под заказ | 205л: Под заказ;Много (Под заказ);https://liksir.ru/catalog/liksir-polus-poe-32/?oid=6428
Масло индустриальное > Холодильное масло > LIKSIR POLUS POE;LIKSIR POLUS POE 46 — полиолэфирное масло для холодильных компрессоров;1л: Под заказ | 5л: Под заказ | 20л: Под заказ | 205л: Под заказ;Много (Под заказ);https://liksir.ru/catalog/liksir-polus-poe-46/?oid=6437
Масло индустриальное > Холодильное масло > LIKSIR POLUS POE;LIKSIR POLUS POE 55 — полиолэфирное масло для холодильных компрессоров;1л: Под заказ | 5л: Под заказ | 20л: Под заказ | 205л: Под заказ;Много (Под заказ);https://liksir.ru/catalog/liksir-polus-poe-55/?oid=6442
Масло индустриальное > Холодильное масло > LIKSIR POLUS POE;LIKSIR POLUS POE 68 — полиолэфирное масло для холодильных компрессоров;1л: Под заказ | 5л: Под заказ | 20л: Под заказ | 205л: Под заказ;Много (Под заказ);https://liksir.ru/catalog/liksir-polus-poe-68/?oid=6447
Масло индустриальное > Холодильное масло > LIKSIR POLUS POE;LIKSIR POLUS POE 85 — полиолэфирное масло для холодильных компрессоров;1л: Под заказ | 5л: Под заказ | 20л: Под заказ | 205л: Под заказ;Много (Под заказ);https://liksir.ru/catalog/liksir-polus-poe-85/?oid=6452
Масло индустриальное > Холодильное масло > LIKSIR POLUS POE;LIKSIR POLUS POE 100 — полиолэфирное масло для холодильных компрессоров;1л: Под заказ | 5л: Под заказ | 20л: Под заказ | 205л: Под заказ;Мало (Под заказ);https://liksir.ru/catalog/liksir-polus-poe-100/?oid=6461
Масло индустриальное > Холодильное масло > LIKSIR POLUS POE;LIKSIR POLUS POE 120 — полиолэфирное масло для холодильных компрессоров;1л: Под заказ | 5л: Под заказ | 20л: Под заказ | 205л: Под заказ;Много (Под заказ);https://liksir.ru/catalog/liksir-polus-poe-120/?oid=6466
Масло индустриальное > Холодильное масло > LIKSIR POLUS POE;LIKSIR POLUS POE 150 — полиолэфирное масло для холодильных компрессоров;1л: Под заказ | 5л: Под заказ | 20л: Под заказ | 205л: Под заказ;Много (Под заказ);https://liksir.ru/catalog/liksir-polus-poe-150/?oid=6471
Масло индустриальное > Холодильное масло > LIKSIR POLUS POE;LIKSIR POLUS POE 170 — полиолэфирное масло для холодильных компрессоров;1л: Под заказ | 5л: Под заказ | 20л: Под заказ | 205л: Под заказ;Много (Под заказ);https://liksir.ru/catalog/liksir-polus-poe-170/?oid=6476
Масло индустриальное > Холодильное масло > LIKSIR POLUS POE;LIKSIR POLUS POE 220 — полиолэфирное масло для холодильных компрессоров;1л: Под заказ | 5л: Под заказ | 20л: Под заказ | 205л: Под заказ;Много (Под заказ);https://liksir.ru/catalog/liksir-polus-poe-220/?oid=6481
Масло индустриальное > Холодильное масло > LIKSIR POLUS POE;LIKSIR POLUS POE 320 — полиолэфирное масло для холодильных компрессоров;1л: Под заказ | 5л: Под заказ | 20л: Под заказ | 205л: Под заказ;Много (Под заказ);https://liksir.ru/catalog/liksir-polus-poe-320/?oid=6486
Масло индустриальное > Гидравлическое масло > HVLP;LIKSIR DANA HVLP 10 – беззольное синтетическое гидравлическое масло HVLP 10 вязкости;20л: 28 270 ₽ | 205л: 269 060 ₽;Достаточно (В наличии);https://liksir.ru/catalog/liksir-dana-hvlp-10/?oid=1819
Масло индустриальное > Гидравлическое масло > HVLP;LIKSIR DANA HVLP 15 – беззольное синтетическое гидравлическое масло HVLP 15 вязкости;20л: 26 180 ₽ | 205л: 243 100 ₽;Достаточно (В наличии);https://liksir.ru/catalog/liksir-dana-hvlp-15/?oid=1816
Масло индустриальное > Гидравлическое масло > HVLP;LIKSIR DANA HVLP 22 – беззольное синтетическое гидравлическое масло HVLP 22 вязкости;20л: 25 465 ₽ | 205л: 240 900 ₽;Достаточно (В наличии);https://liksir.ru/catalog/liksir-dana-hvlp-22/?oid=1813
Масло индустриальное > Гидравлическое масло > HVLP;LIKSIR DANA HVLP 32 – беззольное синтетическое гидравлическое масло HVLP 32 вязкости;20л: 26 400 ₽ | 205л: 245 300 ₽;Достаточно (В наличии);https://liksir.ru/catalog/liksir-dana-hvlp-32/?oid=1810
Масло индустриальное > Гидравлическое масло > HVLP;LIKSIR DANA HVLP 46 – беззольное синтетическое гидравлическое масло HVLP 46 вязкости;20л: 26 840 ₽ | 205л: 248 050 ₽;Достаточно (В наличии);https://liksir.ru/catalog/liksir-dana-hvlp-46/?oid=1807
Масло индустриальное > Гидравлическое масло > HVLP;LIKSIR DANA HVLP 68 – беззольное синтетическое гидравлическое масло HVLP 68 вязкости;20л: 27 720 ₽ | 205л: 257 400 ₽;Достаточно (В наличии);https://liksir.ru/catalog/liksir-dana-hvlp-68/?oid=1804
Масло индустриальное > Гидравлическое масло > HVLP;LIKSIR DANA HVLP 100 – беззольное синтетическое гидравлическое масло HVLP 100 вязкости;20л: 28 600 ₽ | 205л: 276 430 ₽;Достаточно (В наличии);https://liksir.ru/catalog/liksir-dana-hvlp-100/?oid=1801
Масло индустриальное > Гидравлическое масло > HVLP;LIKSIR DANA HVLP 180 – беззольное синтетическое гидравлическое масло HVLP 180 вязкости;20л: 32 544 ₽ | 205л: 284 176 ₽;Достаточно (В наличии);https://liksir.ru/catalog/liksir-dana-hvlp-180/?oid=1798
Масло индустриальное > Гидравлическое масло > HVLP-D;Бесцинковое гидравлическое масло LIKSIR DANA HVLP-D 10;20л: 28 820 ₽ | 205л: 270 050 ₽;Много (В наличии);https://liksir.ru/catalog/liksir-dana-hvlpd-10/?oid=5686
Масло индустриальное > Гидравлическое масло > HVLP-D;Бесцинковое гидравлическое масло LIKSIR DANA HVLP-D 15;20л: 26 620 ₽ | 205л: 247 500 ₽;Достаточно (В наличии);https://liksir.ru/catalog/liksir-dana-hvlp-d-15/?oid=1821
Масло индустриальное > Гидравлическое масло > HVLP-D;Гидравлическое масло LIKSIR DANA HVLP-D 22 с моющими свойствами;20л: 26 235 ₽ | 205л: 246 730 ₽;Достаточно (В наличии);https://liksir.ru/catalog/liksir-dana-hvlp-d-22/?oid=1825
Масло индустриальное > Гидравлическое масло > HVLP-D;Бесцинковое гидравлическое масло LIKSIR DANA HVLP-D 32;20л: 26 950 ₽ | 205л: 248 600 ₽;Достаточно (В наличии);https://liksir.ru/catalog/liksir-dana-hvlp-d-32/?oid=1828
Масло индустриальное > Гидравлическое масло > HVLP-D;Гидравлическое масло LIKSIR DANA HVLP-D 46 для тяжелых условий;20л: 27 929 ₽ | 205л: 250 690 ₽;Много (В наличии);https://liksir.ru/catalog/liksir-dana-hvlpd-46/?oid=5689
Масло индустриальное > Гидравлическое масло > Биоразлагаемые гидравлические масла;Биоразлагаемое гидравлическое масло LIKSIR DANA HEES 15;20л: 30 308 ₽ | 205л: 295 496 ₽;Достаточно (В наличии);https://liksir.ru/catalog/liksir-dana-hees-15/?oid=1678
Масло индустриальное > Гидравлическое масло > Биоразлагаемые гидравлические масла;Биоразлагаемое гидравлическое масло LIKSIR DANA HEES 22;20л: Под заказ | 205л: Под заказ;Много (Под заказ);https://liksir.ru/catalog/liksir-dana-hees-22/?oid=6492
Масло индустриальное > Гидравлическое масло > Биоразлагаемые гидравлические масла;Биоразлагаемое гидравлическое масло LIKSIR DANA HEPR 32;20л: 27 500 ₽ | 205л: 253 880 ₽;Достаточно (В наличии);https://liksir.ru/catalog/liksir-dana-hepr-32/?oid=2148
Масло индустриальное > Гидравлическое масло > Биоразлагаемые гидравлические масла;Биоразлагаемое гидравлическое масло LIKSIR DANA HEES 32;20л: 33 326 ₽ | 205л: 310 649 ₽;Достаточно (В наличии);https://liksir.ru/catalog/liksir-dana-hees-32/?oid=1682
Масло индустриальное > Гидравлическое масло > Биоразлагаемые гидравлические масла;Экологичное гидравлическое масло LIKSIR DANA HEPR 46;20л: 27 885 ₽ | 205л: 255 200 ₽;Достаточно (В наличии);https://liksir.ru/catalog/liksir-dana-hepr-46/?oid=1697
Масло индустриальное > Гидравлическое масло > Биоразлагаемые гидравлические масла;Биоразлагаемое гидравлическое масло LIKSIR DANA HEES 46;20л: 34 851 ₽ | 205л: 318 226 ₽;Достаточно (В наличии);https://liksir.ru/catalog/liksir-dana-hees-46/?oid=1685
Масло индустриальное > Гидравлическое масло > Биоразлагаемые гидравлические масла;Биоразлагаемое гидравлическое масло LIKSIR DANA HEES 68;20л: Под заказ | 205л: Под заказ;Много (Под заказ);https://liksir.ru/catalog/liksir-dana-hees-100/?oid=6955
Масло индустриальное > Гидравлическое масло > Биоразлагаемые гидравлические масла;Биоразлагаемое гидравлическое масло LIKSIR DANA HEPR 68;20л: 28 600 ₽ | 205л: 261 800 ₽;Достаточно (В наличии);https://liksir.ru/catalog/liksir-dana-hepr-68/?oid=1694
Масло индустриальное > Гидравлическое масло > Биоразлагаемые гидравлические масла;Биоразлагаемое гидравлическое масло LIKSIR DANA HEES 68;20л: 37 114 ₽ | 205л: 333 256 ₽;Достаточно (В наличии);https://liksir.ru/catalog/liksir-dana-hees-68/?oid=1688
Масло индустриальное > Гидравлическое масло > Биоразлагаемые гидравлические масла;Биоразлагаемое гидравлическое масло LIKSIR DANA HEPR 100;20л: 29 260 ₽ | 205л: 266 750 ₽;Достаточно (В наличии);https://liksir.ru/catalog/liksir-dana-hepr-100/?oid=1691
Масло индустриальное > Гидравлическое масло > Жидкость HFD-U;Пожаробезопасная гидравлическая жидкость LIKSIR DANA HFD-U 46;20л: 23 980 ₽ | 205л: 217 800 ₽;Достаточно (В наличии);https://liksir.ru/catalog/liksir-dana-hfd-u-46/?oid=2307
Масло индустриальное > Гидравлическое масло > Жидкость HFD-U;Огнестойкая гидравлическая жидкость LIKSIR DANA HFD-U 68;20л: 24 530 ₽ | 205л: 228 690 ₽;Достаточно (В наличии);https://liksir.ru/catalog/liksir-dana-hfd-u-68/?oid=2306
Масло индустриальное > Гидравлическое масло > Жидкость HFD-U;Огнестойкая гидравлическая жидкость LIKSIR DANA HFD-U PG 68;20л: Под заказ | 205л: Под заказ;Много (Под заказ);https://liksir.ru/catalog/liksir-dana-hfd-u-pg-68/?oid=6754
Масло индустриальное > Гидравлическое масло > Жидкость HFD-U;Пожаробезопасная гидравлическая жидкость LIKSIR DANA HFD-U PG 46;20л: Под заказ | 205л: Под заказ;Много (Под заказ);https://liksir.ru/catalog/liksir-dana-hfd-u-pg-46/?oid=6756
Масло индустриальное > Гидравлическое масло > Гидравлические жидкости для подводных систем управления;Пожаробезопасная гидравлическая жидкость LIKSIR DANA HC 20;20л: Под заказ | 205л: Под заказ;Много (Под заказ);https://liksir.ru/catalog/liksir-dana-hc-20/?oid=7040
Масло индустриальное > Гидравлическое масло > Гидравлические жидкости для подводных систем управления;Пожаробезопасная гидравлическая жидкость LIKSIR DANA HC 10;20л: Под заказ | 205л: Под заказ;Много (Под заказ);https://liksir.ru/catalog/liksir-dana-hc-10/?oid=7037
Масло индустриальное > Цепное масло > Высокотемпературное цепное масло > LIKSIR CHAIN WARD;LIKSIR CHAIN WARD 260;20л: Под заказ | 205л: Под заказ;Много (Под заказ);https://liksir.ru/catalog/liksir-chain-ward-260/?oid=6684
Масло индустриальное > Цепное масло > Высокотемпературное цепное масло > LIKSIR CHAIN WARD;LIKSIR CHAIN WARD 220;20л: Под заказ | 205л: Под заказ;Много (Под заказ);https://liksir.ru/catalog/liksir-chain-ward-220/?oid=6681
Масло индустриальное > Цепное масло > Высокотемпературное цепное масло > LIKSIR CHAIN WARD;LIKSIR CHAIN WARD 150;20л: Под заказ | 205л: Под заказ;Много (Под заказ);https://liksir.ru/catalog/liksir-chain-ward-150/?oid=6678
Масло индустриальное > Цепное масло > Высокотемпературное цепное масло > LIKSIR CHAIN WARD;LIKSIR CHAIN WARD 100;20л: Под заказ | 205л: Под заказ;Много (Под заказ);https://liksir.ru/catalog/liksir-chain-ward-100/?oid=6675
Масло индустриальное > Цепное масло > Высокотемпературное цепное масло > LIKSIR CHAIN WARD;LIKSIR CHAIN WARD 50;20л: Под заказ | 205л: Под заказ;Много (Под заказ);https://liksir.ru/catalog/liksir-chain-ward-50/?oid=6671
Масло индустриальное > Цепное масло > Высокотемпературное цепное масло > LIKSIR CHAIN HEAT;LIKSIR CHAIN HEAT 50 – высокотемпературное синтетическое масло для цепей;20л: 27 230 ₽ | 205л: 236 390 ₽;Достаточно (В наличии);https://liksir.ru/catalog/liksir-chain-heat-50/?oid=2322
Масло индустриальное > Цепное масло > Высокотемпературное цепное масло > LIKSIR CHAIN HEAT;LIKSIR CHAIN HEAT 100 – высокотемпературное синтетическое масло для цепей;20л: 27 720 ₽ | 205л: 237 020 ₽;Достаточно (В наличии);https://liksir.ru/catalog/liksir-chain-heat-100/?oid=1909
Масло индустриальное > Цепное масло > Высокотемпературное цепное масло > LIKSIR CHAIN HEAT;LIKSIR CHAIN HEAT 150 – высокотемпературное синтетическое масло для цепей;20л: 28 140 ₽ | 205л: 237 930 ₽;Достаточно (В наличии);https://liksir.ru/catalog/liksir-chain-heat-150/?oid=1912
Масло индустриальное > Цепное масло > Высокотемпературное цепное масло > LIKSIR CHAIN HEAT;LIKSIR CHAIN HEAT 220 – высокотемпературное масло для цепей;20л: 29 050 ₽ | 205л: 239 750 ₽;Достаточно (В наличии);https://liksir.ru/catalog/liksir-chain-heat-220/?oid=1915
Масло индустриальное > Цепное масло > Высокотемпературное цепное масло > LIKSIR CHAIN HEAT;LIKSIR CHAIN HEAT 320 – высокотемпературное масло для цепей;20л: 30 170 ₽ | 205л: 256 780 ₽;Много (В наличии);https://liksir.ru/catalog/liksir-chain-heat-320/?oid=6402
Масло индустриальное > Цепное масло > Высокотемпературное цепное масло > LIKSIR CHAIN HEAT;LIKSIR CHAIN HEAT 260 – высокотемпературное масло для цепей;20л: 29 680 ₽ | 205л: 241 850 ₽;Достаточно (В наличии);https://liksir.ru/catalog/liksir-chain-heat-260/?oid=1918
Масло индустриальное > Цепное масло > Высокотемпературное цепное масло > LIKSIR CHAIN HV;LIKSIR CHAIN HV 1500 – высоковязкое синтетическое масло для цепей;20л: 38 438 ₽ | 205л: 363 125 ₽;Мало (В наличии);https://liksir.ru/catalog/liksir-chain-hv-1500/?oid=2324
Масло индустриальное > Цепное масло > Высокотемпературное цепное масло > LIKSIR CHAIN HV;LIKSIR CHAIN HV 3000 – высоковязкое синтетическое масло для цепей;20л: 39 000 ₽ | 205л: 366 000 ₽;Достаточно (В наличии);https://liksir.ru/catalog/liksir-chain-hv-3000/?oid=1922
Масло индустриальное > Цепное масло > Высокотемпературное цепное масло > LIKSIR CHAIN HV;LIKSIR CHAIN HV 6000 – высоковязкое синтетическое масло для цепей до 250°C;20л: 40 000 ₽ | 205л: 367 500 ₽;Достаточно (В наличии);https://liksir.ru/catalog/liksir-chain-hv-6000/?oid=1925
Масло индустриальное > Цепное масло > Высокотемпературное цепное масло > LIKSIR CHAIN ISOWOOL;LIKSIR CHAIN ISOWOOL 250;20л: Под заказ | 205л: Под заказ;Много (Под заказ);https://liksir.ru/catalog/liksir-chain-isowool-250/?oid=6696
Масло индустриальное > Цепное масло > Высокотемпературное цепное масло > LIKSIR CHAIN ISOWOOL;LIKSIR CHAIN ISOWOOL 150;20л: Под заказ | 205л: Под заказ;Много (Под заказ);https://liksir.ru/catalog/liksir-chain-isowool-150/?oid=6693
Масло индустриальное > Цепное масло > Высокотемпературное цепное масло > LIKSIR CHAIN ISOWOOL;LIKSIR CHAIN ISOWOOL 100;20л: Под заказ | 205л: Под заказ;Много (Под заказ);https://liksir.ru/catalog/liksir-chain-isowool-100/?oid=6690
Масло индустриальное > Цепное масло > Высокотемпературное цепное масло > LIKSIR CHAIN ISOWOOL;LIKSIR CHAIN ISOWOOL 50;20л: Под заказ | 205л: Под заказ;Много (Под заказ);https://liksir.ru/catalog/liksir-chain-isowool-50/?oid=6687
Масло индустриальное > Цепное масло > Биоразлагаемое масло для цепей > LIKSIR CHAIN BIO;LIKSIR CHAIN BIO 100 биоразлагаемое цепное масло 100 вязкости на основе POE;20л: 25 190 ₽ | 205л: 244 160 ₽;Достаточно (В наличии);https://liksir.ru/catalog/liksir-chain-bio-100/?oid=1959
Масло индустриальное > Цепное масло > Биоразлагаемое масло для цепей > LIKSIR CHAIN BIO;Биоразлагаемое цепное масло LIKSIR CHAIN BIO 150 на основе POE;20л: 29 540 ₽ | 205л: 245 000 ₽;Достаточно (В наличии);https://liksir.ru/catalog/liksir-chain-bio-150/?oid=1963
Масло индустриальное > Цепное масло > Биоразлагаемое масло для цепей > LIKSIR CHAIN BIO;LIKSIR CHAIN BIO 220 биоразлагаемое цепное масло 220 вязкости на основе POE;20л: 30 520 ₽ | 205л: 246 960 ₽;Достаточно (В наличии);https://liksir.ru/catalog/liksir-chain-bio-220/?oid=1966
Масло индустриальное > Цепное масло > Высокотемпературное цепное масло с графитом > LIKSIR CHAIN HTG;Высокотемпературное цепное масло LIKSIR CHAIN HTG – синтетическое масло с графитом;20л: 29 813 ₽ | 205л: 238 125 ₽;Достаточно (В наличии);https://liksir.ru/catalog/liksir-chain-htg/?oid=1968
Масло индустриальное > Антикоррозийное масло;Антикоррозионное масло LIKSIR SHELTER 32;20л: Под заказ | 205л: Под заказ;Много (Под заказ);https://liksir.ru/catalog/liksir-shelter-32/?oid=6817
Масло индустриальное > Антикоррозийное масло;Антикоррозионное масло LIKSIR SHELTER 7;20л: Под заказ | 205л: Под заказ;Много (Под заказ);https://liksir.ru/catalog/liksir-shelter-7/?oid=6813
Масло индустриальное > Барьерная жидкость;Синтетическая барьерная жидкость LIKSIR BUFFER CLEAN LIQUID 5 – PAO масло для механических уплотнений;20л: 31 680 ₽ | 205л: 289 740 ₽;Достаточно (В наличии);https://liksir.ru/catalog/liksir-buffer-clean-liquid-5/?oid=2365
Масло индустриальное > Барьерная жидкость;Синтетическая барьерная жидкость LIKSIR BUFFER CLEAN LIQUID 17 – PAO масло для механических уплотнений;20л: 33 561 ₽ | 205л: 310 915 ₽;Достаточно (В наличии);https://liksir.ru/catalog/liksir-buffer-clean-liquid-17/?oid=2369
Масло индустриальное > Жидкость для флюидизации  извести при десульфурации чугуна;LIKSIR LIMEFLOW – жидкость для флюидизации извести при десульфурации чугуна;205л: Под заказ | 1000л: Под заказ;Достаточно (Под заказ);https://liksir.ru/catalog/liksir-limeflow/?oid=5752
Масло индустриальное > Масло для бумагоделательных машин;Масло LIKSIR KALANDRA PM 460 для бумагоделательных машин;20л: 265 300 ₽ | 205л: Под заказ;Много (В наличии);https://liksir.ru/catalog/liksir-kalandra-pm-460/?oid=6400
Масло индустриальное > Масло для бумагоделательных машин;Масло LIKSIR KALANDRA PM 320 для бумагоделательных машин;20л: 258 100 ₽ | 205л: Под заказ;Много (В наличии);https://liksir.ru/catalog/liksir-kalandra-pm-320/?oid=6397
Масло индустриальное > Масло для бумагоделательных машин;Масло LIKSIR KALANDRA PM 220 для бумагоделательных машин;20л: 246 000 ₽ | 205л: Под заказ;Много (В наличии);https://liksir.ru/catalog/liksir-kalandra-pm-220/?oid=6394
Масло индустриальное > Масло для бумагоделательных машин;Масло LIKSIR KALANDRA PM 150 для бумагоделательных машин;20л: 241 700 ₽ | 205л: Под заказ;Много (В наличии);https://liksir.ru/catalog/liksir-kalandra-pm-150/?oid=6390
Масло индустриальное > Масло для направляющих;LIKSIR SLIDEWAY CGLP 32 – Масло для направляющих скольжения;20л: 26 070 ₽ | 205л: 235 400 ₽;Достаточно (В наличии);https://liksir.ru/catalog/liksir-slideway-cglp-32/?oid=2371
Масло индустриальное > Масло для направляющих;LIKSIR SLIDEWAY CGLP 68 – Масло для направляющих скольжения;20л: 29 150 ₽ | 205л: 273 020 ₽;Достаточно (В наличии);https://liksir.ru/catalog/liksir-slideway-cglp-68/?oid=2374
Масло индустриальное > Масло для направляющих;LIKSIR SLIDEWAY CGLP 100 – масло для направляющих скольжения станков;20л: 30 470 ₽ | 205л: 279 510 ₽;Достаточно (В наличии);https://liksir.ru/catalog/liksir-slideway-cglp-100/?oid=2378
Масло индустриальное > Масло для направляющих;LIKSIR SLIDEWAY CGLP 150 – масло для направляющих скольжения станков;20л: 31 955 ₽ | 205л: 298 980 ₽;Достаточно (В наличии);https://liksir.ru/catalog/liksir-slideway-cglp-150/?oid=2381
Масло индустриальное > Масло для направляющих;Масло для направляющих LIKSIR SLIDEWAY CGLP 220;20л: 33 990 ₽ | 205л: 317 955 ₽;Достаточно (В наличии);https://liksir.ru/catalog/liksir-slideway-cglp-220/?oid=2384
Масло индустриальное > Масло для пневмооборудования;LIKSIR AIR TOOL 32 – пневматическое масло 32 вязкости на синтетической основе;20л: 26 521 ₽ | 205л: 246 290 ₽;Достаточно (В наличии);https://liksir.ru/catalog/liksir-air-tool-32/?oid=5719
Масло индустриальное > Масло для пневмооборудования;LIKSIR AIR TOOL 46 – пневматическое масло 46 вязкости на синтетической основе;20л: 27 060 ₽ | 205л: 248 600 ₽;Много (В наличии);https://liksir.ru/catalog/liksir-air-tool-46/?oid=5723
Масло индустриальное > Масло для пневмооборудования;Пневматическое масло LIKSIR AIR TOOL 68 для пневмоинструмента;20л: 27 885 ₽ | 205л: 258 357 ₽;Много (В наличии);https://liksir.ru/catalog/liksir-air-tool-68/?oid=5726
Масло индустриальное > Масло для пневмооборудования;LIKSIR AIR TOOL 100 – пневматическое масло 100 вязкости для ударного и бурильного инструмента;20л: 28 765 ₽ | 205л: 276 430 ₽;Много (В наличии);https://liksir.ru/catalog/liksir-air-tool-100/?oid=5729
Масло индустриальное > Масло для пневмооборудования;LIKSIR AIR TOOL 150 – пневматическое масло 150 вязкости для бурового и ударного инструмента;20л: 29 810 ₽ | 205л: 270 490 ₽;Много (В наличии);https://liksir.ru/catalog/liksir-air-tool-150/?oid=5732
Масло индустриальное > Масло для пневмооборудования;LIKSIR AIR TOOL 220 – пневматическое масло 220 вязкости для ударного и бурового инструмента;20л: 31 020 ₽ | 205л: 273 680 ₽;Много (В наличии);https://liksir.ru/catalog/liksir-air-tool-220/?oid=5735
Масло индустриальное > Масло для пневмооборудования;Масло LIKSIR AIR TOOL 320 для пневматического инструмента;20л: 32 670 ₽ | 205л: 276 100 ₽;Много (В наличии);https://liksir.ru/catalog/liksir-air-tool-320/?oid=5738
Масло индустриальное > Масло для пневмооборудования;LIKSIR AIR TOOL FIRE FREE – негорючее масло для пневмоинструмента;20л: Под заказ | 205л: Под заказ;Много (Под заказ);https://liksir.ru/catalog/liksir-air-tool-fire-free/?oid=5741
Масло индустриальное > Масло для промышленных швейных машин > Минеральное;LIKSIR TEXTILE WSO 22 – масло для промышленных швейных машин и текстильного оборудования;20л: 13 093 ₽ | 205л: 109 648 ₽;Достаточно (В наличии);https://liksir.ru/catalog/liksir-textile-wso-22/?oid=1939
Масло индустриальное > Масло для промышленных швейных машин > Минеральное;LIKSIR TEXTILE WSO 32 – Минеральное масло для швейных и текстильных машин;20л: 13 255 ₽ | 205л: 112 079 ₽;Достаточно (В наличии);https://liksir.ru/catalog/liksir-textile-wso-32/?oid=1936
Масло индустриальное > Масло для промышленных швейных машин > Минеральное;LIKSIR TEXTILE WSO 46 – Минеральное масло для промышленных швейных машин;20л: 13 750 ₽ | 205л: 114 400 ₽;Достаточно (В наличии);https://liksir.ru/catalog/liksir-textile-wso-46/?oid=1933
Масло индустриальное > Масло для промышленных швейных машин > Минеральное;LIKSIR TEXTILE WSO 68 – Минеральное масло для промышленных швейных и текстильных машин;20л: 14 740 ₽ | 205л: 117 370 ₽;Достаточно (В наличии);https://liksir.ru/catalog/liksir-textile-wso-68/?oid=1929
Масло индустриальное > Масло для промышленных швейных машин > Синтетическое;Синтетическое масло LIKSIR TEXTILE SYNTH 22 для швейных машин и текстильного оборудования;20л: 13 805 ₽ | 205л: 115 830 ₽;Достаточно (В наличии);https://liksir.ru/catalog/liksir-textile-synth-22/?oid=1957
Масло индустриальное > Масло для промышленных швейных машин > Синтетическое;Синтетическое масло LIKSIR TEXTILE SYNTH 32 для швейных машин и текстильного оборудования;20л: 15 224 ₽ | 205л: 130 350 ₽;Достаточно (В наличии);https://liksir.ru/catalog/liksir-textile-synth-32/?oid=1954
Масло индустриальное > Масло для промышленных швейных машин > Синтетическое;Синтетическое масло LIKSIR TEXTILE SYNTH 46 для швейных машин и текстильного оборудования;20л: 16 170 ₽ | 205л: 140 910 ₽;Достаточно (В наличии);https://liksir.ru/catalog/liksir-textile-synth-46/?oid=1951
Масло индустриальное > Масло для промышленных швейных машин > Синтетическое;Синтетическое LIKSIR TEXTILE SYNTH WSO 22;20л: 14 410 ₽ | 205л: 119 460 ₽;Достаточно (В наличии);https://liksir.ru/catalog/liksir-textile-synth-wso-22/?oid=1948
Масло индустриальное > Масло для промышленных швейных машин > Синтетическое;Синтетическое LIKSIR TEXTILE SYNTH WSO 32;20л: 15 840 ₽ | 205л: 133 320 ₽;Достаточно (В наличии);https://liksir.ru/catalog/liksir-textile-synth-wso-32/?oid=1945
Масло индустриальное > Масло для промышленных швейных машин > Синтетическое;Синтетическое LIKSIR TEXTILE SYNTH WSO 46;20л: 15 840 ₽ | 205л: 143 550 ₽;Достаточно (В наличии);https://liksir.ru/catalog/liksir-textile-synth-wso-46/?oid=1941
Масло индустриальное > Носители для магнитопорошковых суспензий;Носитель для магнитопорошковых суспензий LIKSIR MAGNET MIX;20л: Под заказ;Много (Под заказ);https://liksir.ru/catalog/liksir-magnet-mix/?oid=6821
Масло индустриальное > Проволочная смазка;LIKSIR WIRE – канатная смазка для тросов и подъемных установок;20л: Под заказ | 205л: Под заказ;Много (Под заказ);https://liksir.ru/catalog/liksir-wire/?oid=5819
Масло индустриальное > Смазочные материали для литья заготовок > МНЛЗ масла;МНЛЗ масла LIKSIR IRONCAST 36;20л: Под заказ | 205л: Под заказ;Много (Под заказ);https://liksir.ru/catalog/liksir-ironcast-36/?oid=5743
Масло индустриальное > Смазочные материали для литья заготовок > МНЛЗ масла;МНЛЗ масла LIKSIR IRONCAST 46;20л: Под заказ | 205л: Под заказ;Много (Под заказ);https://liksir.ru/catalog/liksir-ironcast-46/?oid=5747
Масло индустриальное > Смазочные материали для литья заготовок > МНЛЗ масла;МНЛЗ масла LIKSIR IRONCAST 64;20л: Под заказ | 205л: Под заказ;Много (Под заказ);https://liksir.ru/catalog/liksir-ironcast-64/?oid=7014
Масло индустриальное > Смазочные материали для литья заготовок > МНЛЗ масла;МНЛЗ масла LIKSIR IRONCAST 56;20л: Под заказ | 205л: Под заказ;Много (Под заказ);https://liksir.ru/catalog/liksir-ironcast-68/?oid=5750
Масло индустриальное > Смазочные материали для литья заготовок > Состав для литья алюминия;LIKSIR PANLUBE SIL;20л: Под заказ | 205л: Под заказ;Много (Под заказ);https://liksir.ru/catalog/liksir-panlube-sil/?oid=6637
Масло индустриальное > Смазочные материали для литья заготовок > Состав для литья алюминия;LIKSIR PANLUBE SGR;20л: Под заказ | 205л: Под заказ;Много (Под заказ);https://liksir.ru/catalog/liksir-panlube-sgr/?oid=6634
Масло индустриальное > Смазочные материали для литья заготовок > Состав для литья алюминия;LIKSIR PANLUBE COL;20л: Под заказ | 205л: Под заказ;Много (Под заказ);https://liksir.ru/catalog/liksir-panlube-col/?oid=6631
Масло индустриальное > Специальные масла и жидкости;Специальное масло LIKSIR LASTING 15;1л: 2 871 ₽ | 5л: 42 955 ₽;Много (В наличии);https://liksir.ru/catalog/liksir-lasting-15/?oid=5670
Масло индустриальное > Специальные масла и жидкости;Специальное масло LIKSIR LASTING 68;1л: 3 289 ₽ | 20л: 45 980 ₽;Мало (В наличии);https://liksir.ru/catalog/liksir-lasting-68/?oid=2399
Масло индустриальное > Специальные масла и жидкости;Специальное масло LIKSIR LASTING 50;1л: 3 091 ₽ | 20л: 44 110 ₽;Мало (В наличии);https://liksir.ru/catalog/liksir-lasting-50/?oid=2396
Масло индустриальное > Специальные масла и жидкости;Специальное масло LIKSIR LASTING 30;1л: 2 970 ₽ | 20л: 43 439 ₽;Мало (В наличии);https://liksir.ru/catalog/liksir-lasting-30/?oid=2393
Масло индустриальное > Специальные масла и жидкости;Специальное масло LIKSIR LASTING 12;1л: 2 662 ₽ | 20л: 42 735 ₽;Достаточно (В наличии);https://liksir.ru/catalog/liksir-lasting-12/?oid=2390
Масло индустриальное > Специальные масла и жидкости;Специальное масло LIKSIR LASTING 8;1л: 2 409 ₽ | 20л: 40 150 ₽;Достаточно (В наличии);https://liksir.ru/catalog/liksir-lasting-8/?oid=2386
Масло индустриальное > Технологические смазки для прокатки алюминия и стали;Технологическая смазка ЛИКСОЛ ЭЛЕКОР H1 для прокатки алюминия и стали;20л: Под заказ | 205л: Под заказ;Много (Под заказ);https://liksir.ru/catalog/liksol-elekor-h1/?oid=6860
Масло индустриальное > Турбинное масло;Турбинное масло LIKSIR TURBINE 32;20л: 22 484 ₽ | 205л: 209 935 ₽;Достаточно (В наличии);https://liksir.ru/catalog/liksir-turbine-32/?oid=2152
Масло индустриальное > Турбинное масло;LIKSIR TURBINE 46 – синтетическое турбинное масло PAO ISO VG 46;20л: 23 760 ₽ | 205л: 221 100 ₽;Достаточно (В наличии);https://liksir.ru/catalog/liksir-turbine-46/?oid=2155
Масло индустриальное > Турбинное масло;LIKSIR TURBINE 68 – синтетическое турбинное масло PAO ISO VG 68;20л: 25 278 ₽ | 205л: 230 780 ₽;Достаточно (В наличии);https://liksir.ru/catalog/liksir-turbine-68/?oid=2158
Масло индустриальное > Универсальное масло;Щелочное оружейное масло LIKSIR GLADUS HX 100 мл;Вариант 1: 600 ₽;Много (В наличии);https://liksir.ru/catalog/liksir-gladus-hx-100ml/
Масло индустриальное > Универсальное масло;Нейтральное оружейное масло LIKSIR GLADUS NT 100 мл;Вариант 1: 400 ₽;Много (В наличии);https://liksir.ru/catalog/liksir-gladus-nt-100ml/
Масло индустриальное > Универсальное масло;Аэрозольное оружейное масло LIKSIR GLADUS NT 340 мл;Вариант 1: 550 ₽;Много (В наличии);https://liksir.ru/catalog/liksir-gladus-nt-340ml/
Масло индустриальное > Универсальное масло;Универсальное масло Мультиспрей LIKSIR WD Spray СМАРТ;520мл: 759 ₽;Много (В наличии);https://liksir.ru/catalog/multisprey-liksir-wd-spray-smart/?oid=2046
Масло индустриальное > Универсальное масло;Универсальная проникающая смазка LIKSIR WD;340мл: 374 ₽ | 520мл: 759 ₽ | 5л: 2 761 ₽;Достаточно (В наличии);https://liksir.ru/catalog/multisprey-liksir-wd/?oid=1839
Масло индустриальное > Циркуляционное масло;LIKSIR MULTI HGC 5 – циркуляционное масло 5 вязкости;20л: 27 280 ₽ | 205л: 250 910 ₽;Достаточно (В наличии);https://liksir.ru/catalog/liksir-multi-hgc-5/?oid=2335
Масло индустриальное > Циркуляционное масло;LIKSIR MULTI HGC 10 – циркуляционное масло 10 вязкости;20л: 24 750 ₽ | 205л: 220 055 ₽;Достаточно (В наличии);https://liksir.ru/catalog/liksir-multi-hgc-10/?oid=2339
Масло индустриальное > Циркуляционное масло;LIKSIR MULTI HGC 32 – циркуляционное масло 32 вязкости;20л: 25 575 ₽ | 205л: 231 880 ₽;Достаточно (В наличии);https://liksir.ru/catalog/liksir-multi-hgc-32/?oid=2342
Масло индустриальное > Циркуляционное масло;LIKSIR MULTI HGC 68 – циркуляционное масло 68 вязкости;20л: 26 840 ₽ | 205л: 249 700 ₽;Достаточно (В наличии);https://liksir.ru/catalog/liksir-multi-hgc-68/?oid=2345
Масло индустриальное > Циркуляционное масло;LIKSIR MULTI HGC 89 – циркуляционное масло 89 вязкости;20л: 27 390 ₽ | 205л: 250 525 ₽;Достаточно (В наличии);https://liksir.ru/catalog/liksir-multi-hgc-89/?oid=2348
Масло индустриальное > Циркуляционное масло;LIKSIR MULTI HGC 100 – циркуляционное масло 100 вязкости;20л: 28 600 ₽ | 205л: 262 240 ₽;Мало (В наличии);https://liksir.ru/catalog/liksir-multi-hgc-100/?oid=2351
Масло индустриальное > Циркуляционное масло;LIKSIR MULTI HGC 150 – циркуляционное масло 150 вязкости;20л: 29 480 ₽ | 205л: 264 110 ₽;Мало (В наличии);https://liksir.ru/catalog/liksir-multi-hgc-150/?oid=2354
Масло индустриальное > Циркуляционное масло;LIKSIR MULTI HGC 220 – циркуляционное масло 220 вязкости;20л: 30 360 ₽ | 205л: 272 844 ₽;Достаточно (В наличии);https://liksir.ru/catalog/liksir-multi-hgc-220/?oid=2357
Масло индустриальное > Циркуляционное масло;LIKSIR MULTI HGC 320 – циркуляционное масло 320 вязкости;20л: 31 900 ₽ | 205л: 286 330 ₽;Достаточно (В наличии);https://liksir.ru/catalog/liksir-multi-hgc-320/?oid=2360
Масло индустриальное > Циркуляционное масло;LIKSIR MULTI HGC 460 – циркуляционное масло 460 вязкости;20л: 33 440 ₽ | 205л: 300 300 ₽;Достаточно (В наличии);https://liksir.ru/catalog/liksir-multi-hgc-460/?oid=2363
Масло индустриальное > Шпиндельное масло;Шпиндельное масло LIKSIR SPINDLE 2 ISO VG 2;20л: 20 075 ₽ | 205л: 187 099 ₽;Достаточно (В наличии);https://liksir.ru/catalog/liksir-spindle-2/?oid=2286
Масло индустриальное > Шпиндельное масло;Шпиндельное масло LIKSIR SPINDLE 5 ISO VG 5;20л: 20 460 ₽ | 205л: 189 200 ₽;Достаточно (В наличии);https://liksir.ru/catalog/liksir-spindle-5/?oid=2289
Масло индустриальное > Шпиндельное масло;Шпиндельное масло LIKSIR SPINDLE 10 ISO VG 10;20л: 20 922 ₽ | 205л: 193 270 ₽;Достаточно (В наличии);https://liksir.ru/catalog/liksir-spindle-10/?oid=2292
Масло индустриальное > Шпиндельное масло;Шпиндельное масло LIKSIR SPINDLE 15 ISO VG 15;20л: 21 307 ₽ | 205л: 194 700 ₽;Достаточно (В наличии);https://liksir.ru/catalog/liksir-spindle-15/?oid=2295
Масло индустриальное > Шпиндельное масло;Шпиндельное масло LIKSIR SPINDLE 22 ISO VG 22;20л: 21 890 ₽ | 205л: 197 120 ₽;Достаточно (В наличии);https://liksir.ru/catalog/liksir-spindle-22/?oid=2298
Масло с пищевым допуском > Белое масло > Белое масло с пищевым допуском;LIKSOL 15 3H белое масло с пищевым допуском NSF 3H;5л: 4 488 ₽ | 20л: 15 851 ₽ | 205л: 118 448 ₽;Достаточно (В наличии);https://liksir.ru/catalog/liksol-15-3h/?oid=1471
Масло с пищевым допуском > Белое масло > Белое масло с пищевым допуском;LIKSOL 22 3H белое масло с пищевым допуском NSF 3H;5л: 4 557 ₽ | 20л: 17 551 ₽ | 205л: 120 340 ₽;Достаточно (В наличии);https://liksir.ru/catalog/liksol-22-3h/?oid=1475
Масло с пищевым допуском > Белое масло > Белое масло с пищевым допуском;LIKSOL 32 3H белое масло с пищевым допуском NSF 3H;5л: 4 609 ₽ | 20л: 17 754 ₽ | 205л: 121 825 ₽;Достаточно (В наличии);https://liksir.ru/catalog/liksol-32-3h/?oid=1479
Масло с пищевым допуском > Белое масло > Белое масло с пищевым допуском;LIKSOL 46 3H белое масло с пищевым допуском NSF 3H;5л: 4 791 ₽ | 20л: 18 436 ₽ | 205л: 126 632 ₽;Достаточно (В наличии);https://liksir.ru/catalog/liksol-46-3h/?oid=1483
Масло с пищевым допуском > Белое масло > Белое масло с пищевым допуском;Пищевое Белое масло LIKSOL 68 3H Spray белое масло с пищевым допуском NSF 3H;520мл: 528 ₽;Много (В наличии);https://liksir.ru/catalog/pishchevoe-beloe-maslo-liksol-68-3h-spray/?oid=6819
Масло с пищевым допуском > Белое масло > Белое масло с пищевым допуском;LIKSOL 68 3H белое масло с пищевым допуском NSF 3H;520мл: 528 ₽ | 5л: 5 170 ₽ | 20л: 19 800 ₽ | 205л: 136 180 ₽;Достаточно (В наличии);https://liksir.ru/catalog/liksol-68-3h/?oid=1487
Масло с пищевым допуском > Белое масло > Медицинское белое масло;LIKSOL WHITE OIL 10 медицинское белое масло;5л: 10 600 ₽ | 20л: 95 700 ₽ | 205л: Под заказ;Много (В наличии);https://liksir.ru/catalog/liksol-white-oil-10/?oid=2552
Масло с пищевым допуском > Белое масло > Медицинское белое масло;LIKSOL WHITE OIL 15 медицинское белое масло;5л: 2 838 ₽ | 20л: 10 285 ₽ | 205л: 94 765 ₽;Достаточно (В наличии);https://liksir.ru/catalog/liksol-white-oil-15/?oid=1498
Масло с пищевым допуском > Белое масло > Медицинское белое масло;LIKSOL WHITE OIL 22 медицинское белое масло;5л: 2 882 ₽ | 20л: 11 385 ₽ | 205л: 96 305 ₽;Достаточно (В наличии);https://liksir.ru/catalog/liksol-white-oil-22/?oid=1572
Масло с пищевым допуском > Белое масло > Медицинское белое масло;LIKSOL WHITE OIL 32 медицинское белое масло;5л: 2 882 ₽ | 20л: 11 517 ₽ | 205л: 97 460 ₽;Достаточно (В наличии);https://liksir.ru/catalog/liksol-white-oil-32/?oid=1575
Масло с пищевым допуском > Белое масло > Медицинское белое масло;LIKSOL WHITE OIL 46 медицинское белое масло;5л: 3 025 ₽ | 20л: 11 968 ₽ | 205л: 101 310 ₽;Достаточно (В наличии);https://liksir.ru/catalog/liksol-white-oil-46/?oid=1578
Масло с пищевым допуском > Белое масло > Медицинское белое масло;LIKSOL WHITE OIL 68 медицинское белое масло;5л: 3 251 ₽ | 20л: 12 859 ₽ | 205л: 109 010 ₽;Достаточно (В наличии);https://liksir.ru/catalog/liksol-white-oil-68/?oid=1491
Масло с пищевым допуском > Редукторное масло с пищевым допуском NSF;LIKSOL PAG 100 H1 редукторное масло с пищевым допуском NSF H1;5л: 14 740 ₽ | 20л: 44 440 ₽ | 205л: 407 220 ₽;Достаточно (В наличии);https://liksir.ru/catalog/liksol-pag-100-h1/?oid=1595
Масло с пищевым допуском > Редукторное масло с пищевым допуском NSF;LIKSOL PAG 150 H1 редукторное масло с пищевым допуском NSF H1;5л: 15 070 ₽ | 20л: 45 540 ₽ | 205л: 412 830 ₽;Достаточно (В наличии);https://liksir.ru/catalog/liksol-pag-150-h1/?oid=1598
Масло с пищевым допуском > Редукторное масло с пищевым допуском NSF;LIKSOL PAG 220 H1 редукторное масло с пищевым допуском NSF H1;5л: 16 280 ₽ | 20л: 48 950 ₽ | 205л: 418 880 ₽;Достаточно (В наличии);https://liksir.ru/catalog/liksol-pag-220-h1/?oid=1601
Масло с пищевым допуском > Редукторное масло с пищевым допуском NSF;LIKSOL PAG 320 H1 редукторное масло с пищевым допуском NSF H1;5л: 16 830 ₽ | 20л: 51 458 ₽ | 205л: 426 899 ₽;Достаточно (В наличии);https://liksir.ru/catalog/liksol-pag-320-h1/?oid=1604
Масло с пищевым допуском > Редукторное масло с пищевым допуском NSF;LIKSOL PAG 460 H1 редукторное масло с пищевым допуском NSF H1;5л: 17 875 ₽ | 20л: 52 800 ₽ | 205л: 438 790 ₽;Достаточно (В наличии);https://liksir.ru/catalog/liksol-pag-460-h1/?oid=1607
Масло с пищевым допуском > Редукторное масло с пищевым допуском NSF;LIKSOL PAG 680 H1 редукторное масло с пищевым допуском NSF H1;5л: 19 294 ₽ | 20л: 57 090 ₽ | 205л: 462 330 ₽;Достаточно (В наличии);https://liksir.ru/catalog/liksol-pag-680-h1/?oid=1610
Масло с пищевым допуском > Редукторное масло с пищевым допуском NSF;LIKSOL PAG 1000 H1 редукторное масло с пищевым допуском NSF H1;5л: 23 100 ₽ | 20л: 80 300 ₽ | 205л: 495 550 ₽;Достаточно (В наличии);https://liksir.ru/catalog/liksol-pag-1000-h1/?oid=1613
Масло с пищевым допуском > Редукторное масло с пищевым допуском NSF;LIKSOL PAO 68 H1 редукторное масло с пищевым допуском NSF H1;5л: 12 089 ₽ | 20л: 38 995 ₽ | 205л: 355 388 ₽;Много (В наличии);https://liksir.ru/catalog/liksol-pao-68-h1-red/?oid=6313
Масло с пищевым допуском > Редукторное масло с пищевым допуском NSF;LIKSOL PAO 100 H1 редукторное масло с пищевым допуском NSF H1;5л: 12 320 ₽ | 20л: 41 140 ₽ | 205л: 365 090 ₽;Много (В наличии);https://liksir.ru/catalog/liksol-pao-100-h1-red/?oid=6317
Масло с пищевым допуском > Редукторное масло с пищевым допуском NSF;LIKSOL PAO 150 H1 редукторное масло с пищевым допуском NSF H1;5л: Под заказ | 20л: Под заказ | 205л: Под заказ;Много (Под заказ);https://liksir.ru/catalog/liksol-pao-150-h1-red/?oid=6321
Масло с пищевым допуском > Редукторное масло с пищевым допуском NSF;LIKSOL PAO 220 H1 редукторное масло с пищевым допуском NSF H1;5л: 12 870 ₽ | 20л: 45 639 ₽ | 205л: 396 770 ₽;Много (В наличии);https://liksir.ru/catalog/liksol-pao-220-h1-red/?oid=6324
Масло с пищевым допуском > Редукторное масло с пищевым допуском NSF;LIKSOL PAO 320 H1 редукторное масло с пищевым допуском NSF H1;5л: 13 640 ₽ | 20л: 47 740 ₽ | 205л: 410 300 ₽;Много (В наличии);https://liksir.ru/catalog/liksol-pao-320-h1-red/?oid=6329
Масло с пищевым допуском > Редукторное масло с пищевым допуском NSF;LIKSOL PAO 460 H1 редукторное масло с пищевым допуском NSF H1;5л: 15 290 ₽ | 20л: 51 260 ₽ | 205л: 429 495 ₽;Много (В наличии);https://liksir.ru/catalog/liksol-pao-460-h1-red/?oid=6333
Масло с пищевым допуском > Редукторное масло с пищевым допуском NSF;LIKSOL PAO 1000 H1 редукторное масло с пищевым допуском NSF H1;5л: 21 384 ₽ | 20л: 72 633 ₽ | 205л: 518 870 ₽;Много (В наличии);https://liksir.ru/catalog/liksol-pao-1000-h1-red/?oid=6345
Масло с пищевым допуском > Редукторное масло с пищевым допуском NSF;Редукторное масло LIKSOL SODA PAO 220 H1 для закаточных машин;5л: Под заказ | 20л: Под заказ;Много (Под заказ);https://liksir.ru/catalog/liksol-soda-pao-h1-220/?oid=6808
Масло с пищевым допуском > Редукторное масло с пищевым допуском NSF;LIKSOL SODA PAO H1 150, пищевое редукторное масло для закаточных машин;5л: Под заказ | 20л: Под заказ;Много (Под заказ);https://liksir.ru/catalog/liksol-soda-pao-h1-150/?oid=6804
Масло с пищевым допуском > Синтетическое пищевое масло;LIKSOL PAO 15 H1 универсальное пищевое масло;5л: 9 405 ₽ | 20л: 37 000 ₽ | 205л: 327 855 ₽;Достаточно (В наличии);https://liksir.ru/catalog/liksol-pao-15-h1/?oid=1628
Масло с пищевым допуском > Синтетическое пищевое масло;LIKSOL PAO 22 H1 универсальное пищевое масло;5л: 10 109 ₽ | 20л: 35 200 ₽ | 205л: 336 490 ₽;Достаточно (В наличии);https://liksir.ru/catalog/liksol-pao-22-h1/?oid=1631
Масло с пищевым допуском > Синтетическое пищевое масло;LIKSOL PAO 32 H1 универсальное пищевое масло;5л: 11 880 ₽ | 20л: 36 960 ₽ | 205л: 341 781 ₽;Достаточно (В наличии);https://liksir.ru/catalog/liksol-pao-32-h1/?oid=1634
Масло с пищевым допуском > Синтетическое пищевое масло;LIKSOL PAO 46 H1 универсальное пищевое масло;5л: 11 979 ₽ | 20л: 38 445 ₽ | 205л: 352 660 ₽;Достаточно (В наличии);https://liksir.ru/catalog/liksol-pao-46-h1/?oid=1637
Масло с пищевым допуском > Синтетическое пищевое масло;LIKSOL PAO 68 H1 универсальное пищевое масло;5л: 12 089 ₽ | 20л: 38 995 ₽ | 205л: 355 388 ₽;Достаточно (В наличии);https://liksir.ru/catalog/liksol-pao-68-h1/?oid=1640
Масло с пищевым допуском > Синтетическое пищевое масло;LIKSOL PAO 100 H1 универсальное пищевое масло;5л: 12 320 ₽ | 20л: 41 140 ₽ | 205л: 365 090 ₽;Достаточно (В наличии);https://liksir.ru/catalog/liksol-pao-100-h1/?oid=1643
Масло с пищевым допуском > Синтетическое пищевое масло;LIKSOL PAO 150 H1 универсальное пищевое масло;5л: 12 463 ₽ | 20л: 42 680 ₽ | 205л: 378 950 ₽;Достаточно (В наличии);https://liksir.ru/catalog/liksol-pao-150-h1/?oid=1646
Масло с пищевым допуском > Синтетическое пищевое масло;LIKSOL PAO 220 H1 универсальное пищевое масло;5л: 12 870 ₽ | 20л: 45 639 ₽ | 205л: 396 770 ₽;Достаточно (В наличии);https://liksir.ru/catalog/liksol-pao-220-h1/?oid=1649
Масло с пищевым допуском > Синтетическое пищевое масло;LIKSOL PAO 320 H1 универсальное пищевое масло;5л: 13 640 ₽ | 20л: 47 740 ₽ | 205л: 410 300 ₽;Достаточно (В наличии);https://liksir.ru/catalog/liksol-pao-320-h1/?oid=1652
Масло с пищевым допуском > Синтетическое пищевое масло;LIKSOL PAO 460 H1 универсальное пищевое масло;5л: 15 290 ₽ | 20л: 51 260 ₽ | 205л: 429 495 ₽;Достаточно (В наличии);https://liksir.ru/catalog/liksol-pao-460-h1/?oid=1655
Масло с пищевым допуском > Синтетическое пищевое масло;LIKSOL PAO 680 H1 универсальное пищевое масло;5л: 17 589 ₽ | 20л: 56 540 ₽ | 205л: 473 110 ₽;Достаточно (В наличии);https://liksir.ru/catalog/liksol-pao-680-h1/?oid=1658
Масло с пищевым допуском > Синтетическое пищевое масло;LIKSOL PAO 1000 H1 универсальное пищевое масло;5л: 21 384 ₽ | 20л: 72 633 ₽ | 205л: 518 870 ₽;Достаточно (В наличии);https://liksir.ru/catalog/liksol-pao-1000-h1/?oid=1661
Масло с пищевым допуском > Пищевое Компрессорное Масло;LIKSOL COMPRESSOR PAO 32 H1 пищевое компрессорное масло;5л: 10 230 ₽ | 20л: 35 904 ₽ | 205л: 335 000 ₽;Достаточно (В наличии);https://liksir.ru/catalog/liksol-compressor-pao-32-h1/?oid=1569
Масло с пищевым допуском > Пищевое Компрессорное Масло;LIKSOL COMPRESSOR PAO 46 H1 пищевое компрессорное масло;5л: 11 440 ₽ | 20л: 37 290 ₽ | 205л: 343 090 ₽;Достаточно (В наличии);https://liksir.ru/catalog/liksol-compressor-pao-46-h1/?oid=1565
Масло с пищевым допуском > Пищевое Компрессорное Масло;LIKSOL COMPRESSOR PAO 68 H1 пищевое компрессорное масло;5л: 12 210 ₽ | 20л: 37 620 ₽ | 205л: 358 688 ₽;Достаточно (В наличии);https://liksir.ru/catalog/liksol-compressor-pao-68-h1/?oid=1561
Масло с пищевым допуском > Пищевое Компрессорное Масло;LIKSOL COMPRESSOR PAO 100 H1 пищевое компрессорное масло;5л: 13 948 ₽ | 20л: 39 116 ₽ | 205л: 363 957 ₽;Достаточно (В наличии);https://liksir.ru/catalog/liksol-compressor-pao-100-h1/?oid=1556
Масло с пищевым допуском > Пищевое Компрессорное Масло;Холодильное компрессорное масло LIKSOL POLAR MO H1;20л: Под заказ | 205л: Под заказ;Много (Под заказ);https://liksir.ru/catalog/liksol-polar-mo-h1/?oid=6810
Масло с пищевым допуском > Пищевое Компрессорное Масло;Холодильное компрессорное масло LIKSOL Polar PAO 5 H1;20л: Под заказ | 205л: Под заказ;Много (Под заказ);https://liksir.ru/catalog/liksol-polar-pao-h1-5/?oid=6772
Масло с пищевым допуском > Пищевое Компрессорное Масло;LIKSOL CL 1400 S H1 пищевое компрессорное масло;205л: Под заказ;Много (Под заказ);https://liksir.ru/catalog/liksol-cl-1400-s-h1/?oid=6311
Масло с пищевым допуском > Пищевое Компрессорное Масло;LIKSOL CL 1400 H1 пищевое компрессорное масло;205л: Под заказ;Много (Под заказ);https://liksir.ru/catalog/liksol-cl-1400-h1/?oid=6308
Масло с пищевым допуском > Пищевое Компрессорное Масло;Холодильное компрессорное масло LIKSOL Polar PAO 15 H1;20л: Под заказ | 205л: Под заказ;Много (Под заказ);https://liksir.ru/catalog/liksol-polar-pao-h1-15/?oid=6776
Масло с пищевым допуском > Пищевое Компрессорное Масло;Холодильное компрессорное масло LIKSOL Polar PAO 32 H1;20л: Под заказ | 205л: Под заказ;Много (Под заказ);https://liksir.ru/catalog/liksol-polar-pao-h1-32/?oid=6779
Масло с пищевым допуском > Пищевое Компрессорное Масло;Холодильное компрессорное масло LIKSOL Polar PAO 46 H1;20л: Под заказ | 205л: Под заказ;Много (Под заказ);https://liksir.ru/catalog/liksol-polar-pao-h1-46/?oid=6782
Масло с пищевым допуском > Пищевое Компрессорное Масло;Холодильное компрессорное масло LIKSOL Polar PAO 68 H1;20л: Под заказ | 205л: Под заказ;Много (Под заказ);https://liksir.ru/catalog/liksol-polar-pao-h1-68/?oid=6785
Масло с пищевым допуском > Пищевое Компрессорное Масло;Холодильное масло LIKSOL POLAR MO 68 H1 для аммиачных компрессоров;20л: Под заказ | 205л: Под заказ;Много (Под заказ);https://liksir.ru/catalog/liksol-polar-mo-68-h1/?oid=6847
Масло с пищевым допуском > Пищевое Компрессорное Масло;Холодильное компрессорное масло LIKSOL Polar PAO 100 H1;20л: Под заказ | 205л: Под заказ;Много (Под заказ);https://liksir.ru/catalog/liksol-polar-pao-h1-100/?oid=6788
Масло с пищевым допуском > Пищевое Компрессорное Масло;Холодильное компрессорное масло LIKSOL Polar PAO 150 H1;20л: Под заказ | 205л: Под заказ;Много (Под заказ);https://liksir.ru/catalog/liksol-polar-pao-h1-150/?oid=6791
Масло с пищевым допуском > Пищевое Компрессорное Масло;Холодильное компрессорное масло LIKSOL Polar PAO 220 H1;20л: Под заказ | 205л: Под заказ;Много (Под заказ);https://liksir.ru/catalog/liksol-polar-pao-h1-220/?oid=6794
Масло с пищевым допуском > Пищевое Компрессорное Масло;Холодильное компрессорное масло LIKSOL Polar PAO 320 H1;20л: Под заказ | 205л: Под заказ;Много (Под заказ);https://liksir.ru/catalog/liksol-polar-pao-h1-320/?oid=6797
Масло с пищевым допуском > Пищевое Компрессорное Масло;Холодильное компрессорное масло LIKSOL Polar PAO 460 H1;20л: Под заказ | 205л: Под заказ;Много (Под заказ);https://liksir.ru/catalog/liksol-polar-pao-h1-460/?oid=6800
Масло с пищевым допуском > Вакуумное пищевое масло;LIKSOL VACUUM PAO 32 H1 вакуумное масло с пищевым допуском H1;1л: 1 980 ₽ | 5л: 10 395 ₽ | 20л: 37 510 ₽ | 205л: Под заказ;Мало (В наличии);https://liksir.ru/catalog/liksol-vacuum-pao-32-h1/?oid=2205
Масло с пищевым допуском > Вакуумное пищевое масло;LIKSOL VACUUM PAO 46 H1 вакуумное масло с пищевым допуском H1;1л: 2 178 ₽ | 5л: 10 967 ₽ | 20л: 39 490 ₽ | 205л: Под заказ;Достаточно (В наличии);https://liksir.ru/catalog/liksol-vacuum-pao-46-h1/?oid=2206
Масло с пищевым допуском > Вакуумное пищевое масло;LIKSOL VACUUM PAO 68 H1 вакуумное масло с пищевым допуском H1;1л: 2 321 ₽ | 5л: 11 770 ₽ | 20л: 40 700 ₽ | 205л: Под заказ;Достаточно (В наличии);https://liksir.ru/catalog/liksol-vacuum-pao-68-h1/?oid=2207
Масло с пищевым допуском > Вакуумное пищевое масло;LIKSOL VACUUM PAO 100 H1 вакуумное масло с пищевым допуском H1;1л: 2 640 ₽ | 5л: 12 111 ₽ | 20л: 42 020 ₽ | 205л: Под заказ;Достаточно (В наличии);https://liksir.ru/catalog/liksol-vacuum-pao-100-h1/?oid=2208
Масло с пищевым допуском > Цепное масло с пищевым допуском;LIKSOL CHAIN NORM 150 H1 цепное масло с пищевым допуском H1;5л: 12 980 ₽ | 20л: 43 120 ₽;Достаточно (В наличии);https://liksir.ru/catalog/liksol-chain-norm-150-h1/?oid=1515
Масло с пищевым допуском > Цепное масло с пищевым допуском;LIKSOL CHAIN NORM 220 H1 цепное масло с пищевым допуском H1;5л: 13 640 ₽ | 20л: 45 980 ₽;Достаточно (В наличии);https://liksir.ru/catalog/liksol-chain-norm-220-h1/?oid=1518
Масло с пищевым допуском > Цепное масло с пищевым допуском;LIKSOL CHAIN NORM 1500 H1 цепное масло с пищевым допуском H1;520мл: 1 507 ₽ | 5л: 25 080 ₽ | 20л: 75 955 ₽;Достаточно (В наличии);https://liksir.ru/catalog/liksol-chain-norm-1500-h1/?oid=1521
Масло с пищевым допуском > Цепное масло с пищевым допуском;LIKSOL CHAIN FROST 15 H1 цепное масло с пищевым допуском H1;520мл: 968 ₽ | 5л: 10 120 ₽ | 20л: 42 900 ₽ | 205л: Под заказ;Достаточно (В наличии);https://liksir.ru/catalog/liksol-chain-frost-15-h1/?oid=1527
Масло с пищевым допуском > Цепное масло с пищевым допуском;LIKSOL CHAIN H1 68 цепное масло с пищевым допуском H1;5л: 13 420 ₽ | 20л: 57 200 ₽ | 205л: 473 330 ₽;Достаточно (В наличии);https://liksir.ru/catalog/liksol-chain-h1-68/?oid=1530
Масло с пищевым допуском > Цепное масло с пищевым допуском;LIKSOL CHAIN H1 220 цепное масло с пищевым допуском H1;5л: 17 820 ₽ | 20л: 62 700 ₽ | 205л: 506 770 ₽;Достаточно (В наличии);https://liksir.ru/catalog/liksol-chain-h1-220/?oid=2191
Масло с пищевым допуском > Цепное масло с пищевым допуском;LIKSOL CHAIN H1 320 цепное масло с пищевым допуском H1;5л: 18 810 ₽ | 20л: 64 130 ₽ | 205л: 524 700 ₽;Достаточно (В наличии);https://liksir.ru/catalog/liksol-chain-h1-320/?oid=2194
Масло с пищевым допуском > Цепное масло с пищевым допуском;LIKSOL CHAIN H1 460 цепное масло с пищевым допуском H1;5л: 20 031 ₽ | 20л: 65 450 ₽ | 205л: 473 330 ₽;Много (В наличии);https://liksir.ru/catalog/liksol-chain-h1-130/?oid=2554
Масло с пищевым допуском > Цепное масло с пищевым допуском;LIKSOL CHAIN FROST 15 H1 Spray цепное масло с пищевым допуском H1;520мл: 968 ₽;Много (В наличии);https://liksir.ru/catalog/liksol-chain-frost-15-h1-spay/?oid=2570
Масло с пищевым допуском > Цепное масло с пищевым допуском;LIKSOL CHAIN HEAT 220 H1 Spray цепное масло с пищевым допуском H1;520мл: 1 150 ₽;Достаточно (В наличии);https://liksir.ru/catalog/liksol-chain-heat-220-h1-spray/?oid=1534
Масло с пищевым допуском > Цепное масло с пищевым допуском;LIKSOL CHAIN NORM 1500 H1 SPRAY цепное масло с пищевым допуском H1;520мл: 1 507 ₽;Достаточно (В наличии);https://liksir.ru/catalog/liksol-chain-norm-1500-h1-spray/?oid=2104
Масло с пищевым допуском > Силиконовое масло;LIKSOL SILICONE H1 Spray cиликоновое масло с пищевым допуском H1;520мл: 1 210 ₽;Достаточно (В наличии);https://liksir.ru/catalog/liksol-silicone-h1-spray/?oid=1504
Масло с пищевым допуском > Силиконовое масло;LIKSOL SILICONE 100 H1 cиликоновое масло с пищевым допуском H1;5л: Под заказ | 20л: Под заказ;Много (Под заказ);https://liksir.ru/catalog/liksol-silicone-100-h1/?oid=6966
Масло с пищевым допуском > Силиконовое масло;LIKSOL SILICONE 150 H1 cиликоновое масло с пищевым допуском H1;5л: 16 742 ₽ | 20л: 51 596 ₽;Много (В наличии);https://liksir.ru/catalog/liksol-silicone-h1-150/?oid=2578
Масло с пищевым допуском > Силиконовое масло;LIKSOL SILICONE 220 H1 cиликоновое масло с пищевым допуском H1;520мл: 1 210 ₽ | 5л: 14 949 ₽ | 20л: 48 939 ₽;Много (В наличии);https://liksir.ru/catalog/liksol-silicone-h1-220/?oid=2581
Масло с пищевым допуском > Силиконовое масло;LIKSOL SILICONE 350 H1 cиликоновое масло с пищевым допуском H1;5л: Под заказ | 20л: Под заказ | 205л: Под заказ;Много (Под заказ);https://liksir.ru/catalog/liksol-silicone-h1-350/?oid=6379
Масло с пищевым допуском > Силиконовое масло;LIKSOL SILICONE 1000 H1 cиликоновое масло с пищевым допуском H1;5л: 16 742 ₽ | 20л: 51 596 ₽;Много (В наличии);https://liksir.ru/catalog/liksol-silicone-h1-1000/?oid=2585
Масло с пищевым допуском > Гидравлическое масло;LIKSOL PAO 15 H1 пищевое гидравлическое масло;5л: 9 405 ₽ | 20л: 37 000 ₽ | 205л: 327 855 ₽;Много (В наличии);https://liksir.ru/catalog/liksol-pao-15-h1-gidravlik/?oid=6349
Масло с пищевым допуском > Гидравлическое масло;LIKSOL PAO 22 H1 пищевое гидравлическое масло;5л: 10 109 ₽ | 20л: 35 200 ₽ | 205л: 336 490 ₽;Много (В наличии);https://liksir.ru/catalog/liksol-pao-22-h1-gidravlik/?oid=6352
Масло с пищевым допуском > Гидравлическое масло;LIKSOL PAO 32 H1 пищевое гидравлическое масло;5л: 11 880 ₽ | 20л: 36 960 ₽ | 205л: 341 781 ₽;Много (В наличии);https://liksir.ru/catalog/liksol-pao-32-h1-gidravlika/?oid=6357
Масло с пищевым допуском > Гидравлическое масло;LIKSOL PAO 46 H1 пищевое гидравлическое масло;5л: 11 979 ₽ | 20л: 38 445 ₽ | 205л: 352 660 ₽;Много (В наличии);https://liksir.ru/catalog/liksol-pao-46-h1-gidravlika/?oid=6361
Масло с пищевым допуском > Гидравлическое масло;LIKSOL PAO 68 H1 пищевое гидравлическое масло;5л: 12 089 ₽ | 20л: 38 995 ₽ | 205л: 355 388 ₽;Много (В наличии);https://liksir.ru/catalog/liksol-pao-68-h1-gidravlika/?oid=6365
Масло с пищевым допуском > Гидравлическое масло;LIKSOL PAO 100 H1 пищевое гидравлическое масло;5л: 12 320 ₽ | 20л: 42 000 ₽ | 205л: 365 090 ₽;Много (В наличии);https://liksir.ru/catalog/liksol-pao-100-h1-gidravlika/?oid=6369
Масло с пищевым допуском > Гидравлическое масло;LIKSOL PAO 150 H1 пищевое гидравлическое масло;5л: 12 463 ₽ | 20л: 42 680 ₽ | 205л: 378 950 ₽;Много (В наличии);https://liksir.ru/catalog/liksol-pao-150-h1-gidravlika/?oid=6373
Масло с пищевым допуском > Гидравлическое масло;Гидравлическое огнестойкое масло LIKSOL WPG 46 H1 с пищевым допуском;20л: 17 459 ₽ | 205л: 147 950 ₽;Достаточно (В наличии);https://liksir.ru/catalog/liksol-wpg-46-h1/?oid=2576
Масло с пищевым допуском > Масло для Стекольной промышленности;LIKSOL GLASSFORM 175 H1 Масло для стекольной промышленности;20л: 27 390 ₽ | 205л: 209 440 ₽;Достаточно (В наличии);https://liksir.ru/catalog/liksol-glassform-175-h1/?oid=1537
Масло с пищевым допуском > Масло для Стекольной промышленности;LIKSOL GLASSFORM 220 H1 Масло для стекольной промышленности;20л: 29 590 ₽ | 205л: 223 850 ₽;Достаточно (В наличии);https://liksir.ru/catalog/liksol-glassform-220-h1/?oid=2075
Масло с пищевым допуском > Мультиспрей;LIKSOL WD H1 Spray;520мл: 825 ₽;Достаточно (В наличии);https://liksir.ru/catalog/liksol-wd-h1-spray/?oid=2140
Масло с пищевым допуском > Пищевые разделительные смазки и агенты для форм;Пищевая разделительная смазка для форм ЛИКСОЛ ДЕЛИНИ 3Н;5л: Под заказ | 20л: Под заказ | 205л: Под заказ;Много (Под заказ);https://liksir.ru/catalog/liksol-delini-3n/?oid=7027
Масло с пищевым допуском > Пищевые разделительные смазки и агенты для форм;Антипригарный разделительный агент LIKSIR Release Wax Visco FL-308;Не указана: Под заказ;Нет в наличии (Под заказ);https://liksir.ru/catalog/liksir-release-wax-visco-fl-308/
Масло с пищевым допуском > Сахарорастворяющее масло;LIKSOL SDO H1;5л: Под заказ;Много (Под заказ);https://liksir.ru/catalog/liksol-sdo-h1/?oid=7011
Масло с пищевым допуском > Сахарорастворяющее масло;Сахарорастворяющее масло LIKSOL SUGAR GETOUT H1;5л: 10 010 ₽ | 20л: 38 170 ₽;Достаточно (В наличии);https://liksir.ru/catalog/liksol-sugar-getout-h1/?oid=1524
Масло с пищевым допуском > Смазка перистальтического насоса;LIKSOL HOSEPUMP cмазка перистальтического наcоса;5л: 5 225 ₽ | 20л: 18 975 ₽ | 205л: Под заказ;Достаточно (В наличии);https://liksir.ru/catalog/liksol-hosepump/?oid=1502
Масло с пищевым допуском > Средство для полировки нержавеющей стали;LIKSOL STAINLESS POLISH A7 Spray Средство для полировки нержавеющей стали;520мл: 880 ₽;Достаточно (В наличии);https://liksir.ru/catalog/liksol-stainless-polish-a7-spray/?oid=2105
Масло с пищевым допуском > Сухая смазка PTFE;LIKSOL DRY PTFE SPRAY сухая смазка PTFE;520мл: 3 267 ₽;Много (В наличии);https://liksir.ru/catalog/liksol-dry-ptfe-spray/?oid=5905
Масло с пищевым допуском > Штамповочное масло;Штамповочное масло LIKSOL ALUSTAMP 3 H1 для алюминия;20л: 25 355 ₽ | 205л: 208 340 ₽;Достаточно (В наличии);https://liksir.ru/catalog/liksol-alustamp-3/?oid=1506
Масло с пищевым допуском > Штамповочное масло;Штамповочное и разделительное масло LIKSOL ALUSTAMP 15 3H;20л: 57 530 ₽ | 205л: 548 240 ₽;Достаточно (В наличии);https://liksir.ru/catalog/liksol-alustamp-15/?oid=1508
Смазка с пищевым допуском > Смазки для конвейерных лент;Конвейерная смазка ЛИКСОЛ ТРАНСПОРТЕР H1;5л: Под заказ | 20л: Под заказ;Много (Под заказ);https://liksir.ru/catalog/liksol-transporter-h1/?oid=7031
Смазка с пищевым допуском > Смазки для конвейерных лент;Сухая смазка для конвейерных лент LIKSOL DRY GLIDE H1;5л: Под заказ | 20л: Под заказ;Много (Под заказ);https://liksir.ru/catalog/liksol-dry-glide-h1/?oid=6830
СОЖ > СОЖ для электроэрозионных станков;СОЖ для проволочно-вырезных станков ЛИКСИР АКВА ЭДМ;20л: Под заказ | 205л: Под заказ;Много (Под заказ);https://liksir.ru/catalog/liksir-akva-edm/?oid=7023
СОЖ > СОЖ для электроэрозионных станков;СОЖ для электроэрозионных станков LIKSIR MW EDM 63;20л: 124 938 ₽ | 205л: Под заказ;Достаточно (В наличии);https://liksir.ru/catalog/liksir-mw-edm-63/?oid=2059
СОЖ > СОЖ для электроэрозионных станков;СОЖ для электроэрозионных станков LIKSIR MW EDM 82;20л: 130 900 ₽ | 205л: Под заказ;Достаточно (В наличии);https://liksir.ru/catalog/liksir-mw-edm-82/?oid=2063
СОЖ > СОЖ для электроэрозионных станков;СОЖ для электроэрозионных станков LIKSIR MW EDM 110;20л: 177 870 ₽ | 205л: Под заказ;Достаточно (В наличии);https://liksir.ru/catalog/liksir-mw-edm-110/?oid=2068
СОЖ > СОЖ для электроэрозионных станков;СОЖ для электроэрозионных станков LIKSIR MW EDM 130;20л: Под заказ | 205л: Под заказ;Нет в наличии (Под заказ);https://liksir.ru/catalog/liksir-mw-edm-130/?oid=6024
Антифризы и теплоносители > Теплоноситель на основе пропиленгликоля;Теплоноситель на основе пропиленгликоля LIKSIR TERMOPRESS HT 55;20л: Под заказ | 205л: Под заказ;Много (Под заказ);https://liksir.ru/catalog/liksir-termopress-ht-55/?oid=5909
Антифризы и теплоносители > Теплоноситель на основе пропиленгликоля;Ингибированный теплоноситель LIKSIR HEATTRANSFER PROPY-G на основе пропиленгликоля;20л: 22 330 ₽ | 205л: 205 755 ₽;Достаточно (В наличии);https://liksir.ru/catalog/liksir-heattransfer-propy-g/?oid=2107
Базовые масла > Вазелиновое масло;Белое масло ISO VG 10;205л: 53 500 ₽;Нет в наличии (Под заказ);https://liksir.ru/catalog/beloe-vazelinovoe-maslo-10/?oid=5930
Базовые масла > Вазелиновое масло;Белое масло ISO VG 15;205л: 43 300 ₽;Нет в наличии (Под заказ);https://liksir.ru/catalog/beloe-vazelinovoe-maslo-15/?oid=5932
Базовые масла > Вазелиновое масло;Белое масло ISO VG 22;205л: 42 800 ₽;Нет в наличии (Под заказ);https://liksir.ru/catalog/beloe-vazelinovoe-maslo-22/?oid=5934
Базовые масла > Вазелиновое масло;Белое масло ISO VG 32;205л: 42 800 ₽;Нет в наличии (Под заказ);https://liksir.ru/catalog/beloe-vazelinovoe-maslo-32/?oid=5936
Базовые масла > Вазелиновое масло;Белое масло ISO VG 46;205л: 43 300 ₽;Нет в наличии (Под заказ);https://liksir.ru/catalog/beloe-vazelinovoe-maslo-46/?oid=5942
Базовые масла > Вазелиновое масло;Белое масло ISO VG 68;205л: 49 500 ₽;Нет в наличии (Под заказ);https://liksir.ru/catalog/beloe-vazelinovoe-maslo-68/?oid=5939
Базовые масла > Вазелиновое масло;Белое масло ISO VG 100;205л: 58 200 ₽;Нет в наличии (Под заказ);https://liksir.ru/catalog/beloe-vazelinovoe-maslo-100/?oid=5941
Масла для авиации;Масла для авиации LIKSIR AVIA TURBO 5;1л: Под заказ | 20л: Под заказ | 205л: Под заказ;Достаточно (Под заказ);https://liksir.ru/catalog/liksir-avia-turbo-5/?oid=5782
Масла для авиации;Масла для авиации LIKSIR AVIA TURBO 3;1л: Под заказ | 20л: Под заказ | 205л: Под заказ;Мало (Под заказ);https://liksir.ru/catalog/liksir-avia-turbo-3/?oid=5777
Материалы для беспилотных  авиационных систем > Разделительные составы;Очиститель форм и оборудования ЛИКСИР МОЛДЕР О;1л: 1 090 ₽ | 5л: 4 900 ₽;Много (В наличии);https://liksir.ru/catalog/liksir-molder-o/?oid=6844
Материалы для беспилотных  авиационных систем > Разделительные составы;Водоразбавимая разделительная смазка ЛИКСИР МОЛДЕР СДИ для форм;1л: Под заказ | 5л: Под заказ;Много (Под заказ);https://liksir.ru/catalog/liksir-molder-sdi/?oid=6841
Материалы для беспилотных  авиационных систем > Разделительные составы;Разделительная смазка ЛИКСИР МОЛДЕР ВСК для пресс-форм;150гр: 330 ₽;Много (В наличии);https://liksir.ru/catalog/liksir-molder-vaks/?oid=6838
Материалы для беспилотных  авиационных систем > Разделительные составы;Разделительная смазка ЛИКСИР МОЛДЕР 770 для процессов формовки;1л: 1 290 ₽ | 5л: 6 190 ₽;Много (В наличии);https://liksir.ru/catalog/liksir-molder-770/?oid=6744
Материалы для беспилотных  авиационных систем > Смазочные материалы;Синтетическое масло для двухтактных двигателей ЛИКСИР АВИОН 710 2Т;1л: 1 500 ₽ | 5л: Под заказ;Много (В наличии);https://liksir.ru/catalog/liksir-avion-710-2t/?oid=6896
Материалы для беспилотных  авиационных систем > Смазочные материалы;Синтетическое масло для двухтактных двигателей ЛИКСИР АВИОН 800 2Т;1л: 2 000 ₽ | 5л: Под заказ;Много (В наличии);https://liksir.ru/catalog/liksir-avion-800-2t/?oid=6893
Материалы для беспилотных  авиационных систем > Смазочные материалы;Высокотемпературная монтажная паста ЛИКСИР АВИОН CU для беспилотных систем;150гр: 800 ₽;Много (В наличии);https://liksir.ru/catalog/liksir-avion-cu/?oid=6889
Материалы для беспилотных  авиационных систем > Эпоксидные системы > Отвердитель;ПОКСИР ТПА 2.0 компонент Б, отвердитель для химостойкого эпоксидного покрытия;1.5 кг: 5 200 ₽ | 30 кг: 92 900 ₽;Много (В наличии);https://liksir.ru/catalog/poksir-tpa-2-0-komponent-b/?oid=6951
Материалы для беспилотных  авиационных систем > Эпоксидные системы > Отвердитель;Быстрый отвердитель ПОКСИР АРД 1015 для эпоксидной смолы и композитов;1 кг: Под заказ | 5 кг: Под заказ | 200л: Под заказ;Много (Под заказ);https://liksir.ru/catalog/poksir-ard-1015/?oid=6920
Материалы для беспилотных  авиационных систем > Эпоксидные системы > Отвердитель;Отвердитель ПОКСИР АРД 1030 для эпоксидной смолы и композитов;0,5 кг: Под заказ | 5 кг: Под заказ | 200л: Под заказ;Много (Под заказ);https://liksir.ru/catalog/poksir-ard-1030/?oid=6916
Материалы для беспилотных  авиационных систем > Эпоксидные системы > Отвердитель;Отвердитель ПОКСИР АРД 1060 для эпоксидной смолы и композитов;0,5 кг: Под заказ | 5 кг: Под заказ | 200л: Под заказ;Много (Под заказ);https://liksir.ru/catalog/poksir-ard-1060/?oid=6912
Материалы для беспилотных  авиационных систем > Эпоксидные системы > Отвердитель;Отвердитель ПОКСИР АРД 1120 для эпоксидной смолы и композитов;0,5 кг: Под заказ | 5 кг: Под заказ | 200л: Под заказ;Много (Под заказ);https://liksir.ru/catalog/poksir-ard-1120/?oid=6908
Материалы для беспилотных  авиационных систем > Эпоксидные системы > Отвердитель;Отвердитель ПОКСИР АРД 1180 для эпоксидной смолы и композитов;0,5 кг: Под заказ | 5 кг: Под заказ | 200л: Под заказ;Много (Под заказ);https://liksir.ru/catalog/poksir-ard-1180/?oid=6904
Материалы для беспилотных  авиационных систем > Эпоксидные системы > Отвердитель;Отвердитель ПОКСИР АРД 1240 для эпоксидной смолы и композитов;0,5 кг: 1 190 ₽ | 1 кг: 8 900 ₽ | 5 кг: Под заказ | 200л: Под заказ;Много (В наличии);https://liksir.ru/catalog/poksir-ard-1240/?oid=6901
Очистители;Очиститель-обезжириватель LIKSIR MULTI CLEANER Spray;340мл: Под заказ | 520мл: Под заказ;Много (Под заказ);https://liksir.ru/catalog/liksir-multi-cleaner/?oid=7034
Очистители;Очиститель-обезжириватель ЛИКСОЛ МИСТРАЛЬ c пищевым допуском NSF K1-K3 для пищевого оборудования;520мл: Под заказ;Много (Под заказ);https://liksir.ru/catalog/liksol-mistral/?oid=6945
Очистители;Очиститель с пищевым допуском NSF K3 ЛИКСОЛ СИРОККО;520мл: Под заказ | 5л: Под заказ;Много (Под заказ);https://liksir.ru/catalog/liksol-sirokko/?oid=6942
Очистители;Очиститель электроконтактов LIKSIR ОЧИСТИТЕЛЬ КОНТАКТОВ;520мл: Под заказ;Много (Под заказ);https://liksir.ru/catalog/liksir-ochistitel-kontaktov/?oid=6865
Очистители;Средство для очистки форм и оборудования LIKSIR MOLDER PMC;1л: Под заказ | 5л: Под заказ;Много (Под заказ);https://liksir.ru/catalog/liksir-molder-pmc/?oid=6826
Очистители;Универсальный очиститель LIKSIR UNICLEAN;520мл: 264 ₽ | 1л: 2 860 ₽ | 5л: 10 395 ₽ | 20л: Под заказ;Достаточно (В наличии);https://liksir.ru/catalog/liksir-uniclean/?oid=5805
Очистители;Средство для очистки электродвигателей и электрооборудования LIKSIR ELECTRO CLEAN CF;1л: 3 091 ₽ | 5л: 9 658 ₽ | 20л: Под заказ;Достаточно (В наличии);https://liksir.ru/catalog/liksir-electro-clean-cf/?oid=5801
Очистители;Невоспламеняющийся очиститель электрооборудования LIKSIR ELECTRO CLEAN FAST;1л: 20 790 ₽ | 5л: 37 950 ₽ | 20л: Под заказ;Много (В наличии);https://liksir.ru/catalog/liksir-electro-clean-fast/?oid=5799
Очистители;LIKSIR MELTOCLEAN — очиститель клея, скотча и смол;0,5л: 2 728 ₽ | 1л: 21 890 ₽ | 5л: Под заказ | 20л: Под заказ;Достаточно (В наличии);https://liksir.ru/catalog/liksir-meltoclean/?oid=5795
Очистители;Очиститель тормозных дисков LIKSIR Clean&Dry spray;520мл: 275 ₽;Достаточно (В наличии);https://liksir.ru/catalog/liksir-clean-dry-spray-/?oid=2110
Очистители;Очиститель с пищевым допуском LIKSOL LIKLEAN H1 Spray;520мл: 616 ₽;Достаточно (В наличии);https://liksir.ru/catalog/liksol-liklean-h1-spray/?oid=1669
Очистители;Очиститель с пищевым допуском LIKSOL LIKLEAN H1;520мл: 616 ₽ | 5л: 3 685 ₽ | 20л: 12 980 ₽;Достаточно (В наличии);https://liksir.ru/catalog/liksol-liklean-h1/?oid=1664
Пищевые масла и смазки в спрее;Пищевая алюминиевая смазка-спрей LIKSOL ALUMINIUM GREASE H1 SPRAY;520мл: Под заказ;Много (Под заказ);https://liksir.ru/catalog/liksol-aluminium-grease-h1-spray/?oid=6940
Пластичные смазки > PTFE смазка;PTFE смазка LIKSIR AURORA PFE FE510 2;800гр: 26 320 ₽;Много (В наличии);https://liksir.ru/catalog/liksir-aurora-pfe-fe510-2/?oid=6297
Пластичные смазки > PTFE смазка;PTFE смазка LIKSIR AURORA PFE FE510 1;800гр: 25 990 ₽;Много (В наличии);https://liksir.ru/catalog/liksir-aurora-pfe-fe510-1/?oid=6293
Пластичные смазки > Алюминиевая смазка;Алюминиевая смазка LIKSIR AURORA MO AlC1000 GRA 00/0;400гр: Под заказ | 18кг: Под заказ | 180кг: Под заказ;Много (Под заказ);https://liksir.ru/catalog/liksir-aurora-mo-alc1000-gra-00-0/?oid=6262
Пластичные смазки > Алюминиевая смазка;Алюминиевая смазка LIKSIR AURORA MO AlC500 GRA 00/0;400гр: Под заказ | 18кг: Под заказ | 180кг: Под заказ;Много (Под заказ);https://liksir.ru/catalog/liksir-aurora-mo-alc500-gra-000/?oid=6258
Пластичные смазки > Алюминиевая смазка;Алюминиевая смазка LIKSIR AURORA MO AlC120 GRA 00/0;400гр: Под заказ | 18кг: Под заказ | 180кг: Под заказ;Много (Под заказ);https://liksir.ru/catalog/liksir-aurora-mo-alc120-gra-00-0/?oid=6255
Пластичные смазки > Бариевая смазка;Бариевая смазка LIKSIR AURORA PAO BaC160 1;400гр: Под заказ | 18кг: Под заказ;Много (Под заказ);https://liksir.ru/catalog/liksir-aurora-pao-bac160-1/?oid=6758
Пластичные смазки > Бентонитовая смазка;Бентонитовая смазка LIKSIR AURORA MO CL460 2;400гр: Под заказ | 18кг: Под заказ | 180кг: Под заказ;Много (Под заказ);https://liksir.ru/catalog/liksir-aurora-mo-cl460-2/?oid=6266
Пластичные смазки > Кальциевая смазка;Кальциевая смазка LIKSIR AURORA MO Ca220 2;400гр: 385 ₽ | 18кг: 9 790 ₽ | 180кг: 95 700 ₽;Много (В наличии);https://liksir.ru/catalog/liksir-aurora-mo-ca220-2/?oid=6628
Пластичные смазки > Кальциевая смазка;Кальциевая смазка LIKSIR AURORA MO Ca220 1;400гр: 363 ₽ | 18кг: 9 570 ₽ | 180кг: Под заказ;Много (В наличии);https://liksir.ru/catalog/liksir-aurora-mo-ca220-1-2/?oid=6624
Пластичные смазки > Кальциевая смазка;Кальциевая смазка LIKSIR AURORA PAO CaS460 2;400гр: Под заказ | 18кг: Под заказ | 180кг: Под заказ;Много (Под заказ);https://liksir.ru/catalog/liksir-aurora-pao-cas460-2/?oid=6285
Пластичные смазки > Литиевая смазка;Пластичная смазка LIKSIR AURORA EST LiC26 для подшипников электродвигателей;400гр: Под заказ | 18кг: Под заказ;Не указано (В наличии);https://liksir.ru/catalog/liksir-aurora-est-lic26/?oid=6879
Пластичные смазки > Литиевая смазка;Литиевая смазка LIKSIR AURORA PAO LiC220 2;400гр: Под заказ | 18кг: Под заказ | 180кг: Под заказ;Много (Под заказ);https://liksir.ru/catalog/liksir-aurora-pao-lic220-2/?oid=6289
Пластичные смазки > Литиевая смазка;Литиевая смазка LIKSIR AURORA MO LiCaC220 MOLY 2;400гр: Под заказ | 18кг: Под заказ | 180кг: Под заказ;Много (Под заказ);https://liksir.ru/catalog/liksir-aurora-mo-licac220-moly-2/?oid=6278
Пластичные смазки > Литиевая смазка;Литиевая смазка LIKSIR AURORA MO LiC220 B 2;400гр: Под заказ | 18кг: Под заказ | 180кг: Под заказ;Много (Под заказ);https://liksir.ru/catalog/liksir-aurora-mo-lic220-b-2/?oid=6275
Пластичные смазки > Литиевая смазка;Многоцелевая литиевая смазка LIKSIR AURORA MO LiC220 2;400гр: Под заказ | 18кг: Под заказ | 180кг: Под заказ;Много (Под заказ);https://liksir.ru/catalog/liksir-aurora-mo-lic220-2/?oid=6271
Пластичные смазки > Литиевая смазка;Смазка для подшипников LIKSIR AURORA EST LiC100 NLGI 2;400гр: Под заказ | 18кг: Под заказ;Много (Под заказ);https://liksir.ru/catalog/liksir-aurora-est-lic100-2/?oid=6248
Пластичные смазки > Медная смазка;Медная смазка LIKSIR COPPER;18кг: Под заказ;Много (Под заказ);https://liksir.ru/catalog/liksir-copper/?oid=6299
Пластичные смазки > Медная смазка;Медная смазка LIKSIR Copper Spray;520мл: 660 ₽;Достаточно (В наличии);https://liksir.ru/catalog/liksir-copper-spray/?oid=2096
Пластичные смазки > Силиконовая смазка;Силиконовая смазка LIKSIR SILICONE GREASE;400гр: 2 200 ₽ | 18кг: 88 872 ₽;Много (В наличии);https://liksir.ru/catalog/liksir-silicone-grease/?oid=6301
Пластичные смазки > Смазка на основе димочивины;Смазка на основе димочивины LIKSIR AURORA EST UR460 1,5;400гр: Под заказ | 18кг: Под заказ;Много (Под заказ);https://liksir.ru/catalog/liksir-aurora-est-ur460-1-5/?oid=6251
Портовые масла > Концентрат гидравлической и противовыбросовой жидкости;Концентрат гидравлической и противовыбросовой жидкости LIKSIR SEA HYDRAULICS 603;Вариант 1: 1 ₽;Достаточно (В наличии);https://liksir.ru/catalog/liksir-sea-hydraulics-603/
Портовые масла > Масло для дейдвудной трубы;Биоразлагаемое масло LIKSIR SEA STERN TUBE 68 для дейдвудных труб;20л: Под заказ | 205л: Под заказ;Много (Под заказ);https://liksir.ru/catalog/liksir-sea-stern-tube-68/?oid=5754
Портовые масла > Масло для дейдвудной трубы;Масло LIKSIR SEA STERN TUBE 100 для дейдвудных труб;20л: Под заказ | 205л: Под заказ;Много (Под заказ);https://liksir.ru/catalog/liksir-sea-stern-tube-100/?oid=5757
Портовые масла > Масло для дейдвудной трубы;Масло LIKSIR SEA STERN TUBE 150 для дейдвудных труб;20л: Под заказ | 205л: Под заказ;Много (Под заказ);https://liksir.ru/catalog/liksir-sea-stern-tube-150/?oid=5760
Портовые масла > Масло для дейдвудной трубы;Масло LIKSIR SEA STERN TUBE 220 для дейдвудных труб;20л: Под заказ | 205л: Под заказ;Много (Под заказ);https://liksir.ru/catalog/liksir-sea-stern-tube-220/?oid=5763
Продукция для коммерческого транспорта и спецтехники > Вилочное масло;Вилочное масло LIKSIR FORK OIL 15W;1л: 923 ₽;Много (В наличии);https://liksir.ru/catalog/liksir-fork-oil-15w/?oid=6733
Продукция для коммерческого транспорта и спецтехники > Вилочное масло;Вилочное масло LIKSIR FORK OIL 10W;1л: 899 ₽;Много (В наличии);https://liksir.ru/catalog/liksir-fork-oil-10w/?oid=6731
Продукция для коммерческого транспорта и спецтехники > Вилочное масло;Вилочное масло LIKSIR FORK OIL 7,5W;1л: 884 ₽;Много (В наличии);https://liksir.ru/catalog/liksir-fork-oil-7-5w/?oid=6729
Продукция для коммерческого транспорта и спецтехники > Вилочное масло;Вилочное масло LIKSIR FORK OIL 5W;1л: 853 ₽;Много (В наличии);https://liksir.ru/catalog/liksir-fork-oil-5w/?oid=6727
Продукция для коммерческого транспорта и спецтехники > Вилочное масло;Вилочное масло LIKSIR FORK OIL 2,5W;1л: 806 ₽;Много (В наличии);https://liksir.ru/catalog/liksir-fork-oil-2-5w/?oid=6724
Продукция для коммерческого транспорта и спецтехники > Редукторное масло;Редукторное масло LIKSIR ARKUDA MOTOR-WHEEL 1000;20л: 37 389 ₽ | 205л: 316 107 ₽;Достаточно (В наличии);https://liksir.ru/catalog/liksir-arcuda-motor-wheel-1000/?oid=2183
Продукция для коммерческого транспорта и спецтехники > Редукторное масло;Редукторное масло LIKSIR ARKUDA MOTOR-WHEEL 680;20л: 36 652 ₽ | 205л: 306 790 ₽;Достаточно (В наличии);https://liksir.ru/catalog/liksir-arcuda-motor-wheel-680/?oid=2180
Продукция для коммерческого транспорта и спецтехники > Редукторное масло;Редукторное масло LIKSIR ARKUDA MOTOR-WHEEL 460;20л: 35 090 ₽ | 205л: 299 200 ₽;Достаточно (В наличии);https://liksir.ru/catalog/liksir-arcuda-motor-wheel-460/?oid=2176
Продукция для коммерческого транспорта и спецтехники > Редукторное масло;Редукторное масло LIKSIR ARKUDA MOTOR-WHEEL 320;20л: 33 759 ₽ | 205л: 291 170 ₽;Достаточно (В наличии);https://liksir.ru/catalog/liksir-arcuda-motor-wheel-320/?oid=2174
Продукция для коммерческого транспорта и спецтехники > Редукторное масло;Редукторное масло LIKSIR ARKUDA MOTOR-WHEEL 220;20л: 32 483 ₽ | 205л: 276 485 ₽;Достаточно (В наличии);https://liksir.ru/catalog/liksir-arcuda-motor-wheel-220/?oid=2171
Продукция для коммерческого транспорта и спецтехники > Редукторное масло;Редукторное масло LIKSIR ARKUDA MOTOR-WHEEL 150;20л: 31 493 ₽ | 205л: 272 316 ₽;Достаточно (В наличии);https://liksir.ru/catalog/liksir-arcuda-motor-wheel-150/?oid=2168
Уход и обслуживание легкового автомобиля > Масло в ГУР;Масло в ГУР LIKSIR PSF 4;1л: 1 595 ₽ | 20л: 26 455 ₽;Достаточно (В наличии);https://liksir.ru/catalog/liksir-psf-4/?oid=2406
Уход и обслуживание легкового автомобиля > Масло в ГУР;Масло в ГУР LIKSIR CHF S11;1л: 2 870 ₽ | 20л: 29 920 ₽;Достаточно (В наличии);https://liksir.ru/catalog/liksir-chf-s11/?oid=2211
Уход и обслуживание легкового автомобиля > Масло для кондиционера автомобиля;Масло для кондиционера автомобиля LIKSIR KLIMAT PAG 68;1л: Под заказ | 5л: Под заказ | 20л: Под заказ;Много (Под заказ);https://liksir.ru/catalog/liksir-klimat-pag-68/?oid=6706
Уход и обслуживание легкового автомобиля > Масло для кондиционера автомобиля;Масло для кондиционера автомобиля LIKSIR KLIMAT PAG 100;0,25л: 902 ₽ | 1л: 1 760 ₽ | 5л: 7 700 ₽ | 20л: 31 020 ₽;Достаточно (В наличии);https://liksir.ru/catalog/liksir-klimat-pag-100/?oid=2217
Уход и обслуживание легкового автомобиля > Масло для кондиционера автомобиля;Масло для кондиционера автомобиля LIKSIR KLIMAT PAG 46;0,25л: 825 ₽ | 1л: 1 650 ₽ | 5л: 7 590 ₽ | 20л: 30 690 ₽;Достаточно (В наличии);https://liksir.ru/catalog/liksir-klimat-pag-46/?oid=2213
Уход и обслуживание легкового автомобиля > Силиконовая смазка для резиновых уплотнителей;Силиконовая смазка для резиновых уплотнителей LIKSIR SILICONE Spray;340мл: 308 ₽ | 520мл: 528 ₽;Достаточно (В наличии);https://liksir.ru/catalog/silicon-uplotnitel/?oid=2113
